-- MySQL dump 10.13  Distrib 5.6.51, for Linux (x86_64)
--
-- Host: localhost    Database: SalesVision
-- ------------------------------------------------------
-- Server version	5.6.51

/*!40101 SET @OLD_CHARACTER_SET_CLIENT=@@CHARACTER_SET_CLIENT */;
/*!40101 SET @OLD_CHARACTER_SET_RESULTS=@@CHARACTER_SET_RESULTS */;
/*!40101 SET @OLD_COLLATION_CONNECTION=@@COLLATION_CONNECTION */;
/*!40101 SET NAMES utf8 */;
/*!40103 SET @OLD_TIME_ZONE=@@TIME_ZONE */;
/*!40103 SET TIME_ZONE='+00:00' */;
/*!40014 SET @OLD_UNIQUE_CHECKS=@@UNIQUE_CHECKS, UNIQUE_CHECKS=0 */;
/*!40014 SET @OLD_FOREIGN_KEY_CHECKS=@@FOREIGN_KEY_CHECKS, FOREIGN_KEY_CHECKS=0 */;
/*!40101 SET @OLD_SQL_MODE=@@SQL_MODE, SQL_MODE='NO_AUTO_VALUE_ON_ZERO' */;
/*!40111 SET @OLD_SQL_NOTES=@@SQL_NOTES, SQL_NOTES=0 */;

--
-- Table structure for table `BADGES`
--

DROP TABLE IF EXISTS `BADGES`;
/*!40101 SET @saved_cs_client     = @@character_set_client */;
/*!40101 SET character_set_client = utf8 */;
CREATE TABLE `BADGES` (
  `ID` int(11) NOT NULL AUTO_INCREMENT,
  `BADGENAME` varchar(255) COLLATE utf8_unicode_ci DEFAULT NULL,
  `BADGEICON` varchar(255) COLLATE utf8_unicode_ci DEFAULT NULL,
  `REPID` int(11) DEFAULT NULL,
  `RECEIVED_DATE` varchar(255) COLLATE utf8_unicode_ci DEFAULT NULL,
  PRIMARY KEY (`ID`),
  KEY `FK_BADGES_TO_REPS_REPID_ID` (`REPID`),
  CONSTRAINT `FK_BADGES_TO_REPS_REPID_ID` FOREIGN KEY (`REPID`) REFERENCES `REPS` (`ID`)
) ENGINE=InnoDB AUTO_INCREMENT=15 DEFAULT CHARSET=utf8 COLLATE=utf8_unicode_ci;
/*!40101 SET character_set_client = @saved_cs_client */;

--
-- Dumping data for table `BADGES`
--

LOCK TABLES `BADGES` WRITE;
/*!40000 ALTER TABLE `BADGES` DISABLE KEYS */;
INSERT INTO `BADGES` VALUES (1,'Performer of the Month','resources/images/imagelists/PerformerOfTheMonth_icon.png',1,'May 2018'),(2,'Shortest Sales Cycle','resources/images/imagelists/ShortestSalesCycle_icon.png',1,'September 2019'),(3,'Best Negotiator','resources/images/imagelists/BestNegotiator_icon.png',1,'August 2019'),(4,'Winning Performance','resources/images/imagelists/PerformerOfTheMonth_icon.png',2,'October 2019'),(5,'Shortest Sales Cycle','resources/images/imagelists/ShortestSalesCycle_icon.png',2,'January 2020'),(6,'Performer of the year','resources/images/imagelists/PerformerOfTheMonth_icon.png',2,'June 2019'),(7,'Performer of the year','resources/images/imagelists/PerformerOfTheMonth_icon.png',3,'January 2019'),(8,'Performer of the year','resources/images/imagelists/PerformerOfTheMonth_icon.png',4,'February 2019'),(9,'Performer of the year','resources/images/imagelists/PerformerOfTheMonth_icon.png',5,'November 2018'),(10,'Shortest Sales Cycle','resources/images/imagelists/PerformerOfTheMonth_icon.png',3,'May 2019'),(11,'Shortest Sales Cycle','resources/images/imagelists/ShortestSalesCycle_icon.png',3,'March 2019'),(12,'Performer of the year','resources/images/imagelists/PerformerOfTheMonth_icon.png',9,'January 2020'),(13,'Best Negotiator','resources/images/imagelists/BestNegotiator_icon.png',9,'May 2019'),(14,'Shortest Sales Cycle','resources/images/imagelists/ShortestSalesCycle_icon.png',9,'November 2020');
/*!40000 ALTER TABLE `BADGES` ENABLE KEYS */;
UNLOCK TABLES;

--
-- Table structure for table `CHANNELS`
--

DROP TABLE IF EXISTS `CHANNELS`;
/*!40101 SET @saved_cs_client     = @@character_set_client */;
/*!40101 SET character_set_client = utf8 */;
CREATE TABLE `CHANNELS` (
  `ID` int(11) NOT NULL AUTO_INCREMENT,
  `NAME` varchar(255) COLLATE utf8_unicode_ci NOT NULL,
  PRIMARY KEY (`ID`)
) ENGINE=InnoDB AUTO_INCREMENT=6 DEFAULT CHARSET=utf8 COLLATE=utf8_unicode_ci;
/*!40101 SET character_set_client = @saved_cs_client */;

--
-- Dumping data for table `CHANNELS`
--

LOCK TABLES `CHANNELS` WRITE;
/*!40000 ALTER TABLE `CHANNELS` DISABLE KEYS */;
INSERT INTO `CHANNELS` VALUES (1,'Self'),(2,'Sales Executive'),(3,'Agencies'),(4,'Partners'),(5,'Regional Sales Head');
/*!40000 ALTER TABLE `CHANNELS` ENABLE KEYS */;
UNLOCK TABLES;

--
-- Table structure for table `CUSTOMERS`
--

DROP TABLE IF EXISTS `CUSTOMERS`;
/*!40101 SET @saved_cs_client     = @@character_set_client */;
/*!40101 SET character_set_client = utf8 */;
CREATE TABLE `CUSTOMERS` (
  `ID` int(11) NOT NULL AUTO_INCREMENT,
  `NAME` varchar(32) COLLATE utf8_unicode_ci NOT NULL,
  `STATE_ID` int(11) DEFAULT NULL,
  `COMPANY` varchar(255) COLLATE utf8_unicode_ci DEFAULT NULL,
  PRIMARY KEY (`ID`),
  KEY `FK_CUSTOMER_STATE_ID` (`STATE_ID`),
  CONSTRAINT `FK_CUSTOMER_STATE_ID` FOREIGN KEY (`STATE_ID`) REFERENCES `STATES` (`ID`)
) ENGINE=InnoDB AUTO_INCREMENT=1010 DEFAULT CHARSET=utf8 COLLATE=utf8_unicode_ci;
/*!40101 SET character_set_client = @saved_cs_client */;

--
-- Dumping data for table `CUSTOMERS`
--

LOCK TABLES `CUSTOMERS` WRITE;
/*!40000 ALTER TABLE `CUSTOMERS` DISABLE KEYS */;
INSERT INTO `CUSTOMERS` VALUES (2,'John Hofford',7,'Selective Ins Group'),(3,'David Oakes',8,'CNA Ins Cos'),(4,'Samuel Hofford',9,'CNA Ins Cos'),(5,'Isaac Jones',10,'Amica Mutual Group'),(6,'Jacob Goldthrite',11,'CNA Ins Cos'),(7,'David Esansey',12,'CNA Ins Cos'),(8,'Nathaniel Bartlette',13,'CNA Ins Cos'),(9,'David Savage',14,'CNA Ins Cos'),(10,'Thomas Wetmore',15,'A	Mercury Gen Group'),(11,'Smith',1,'Arch Ins Group'),(12,'Vang',17,'CNA Ins Cos'),(13,'Rocha',41,'Selective Ins Group'),(14,'Puckett',56,'AXIS US Operations'),(15,'Langley',57,'CNA Ins Cos'),(16,'Knowles',15,'QBE Americas Group'),(17,'Cooke',6,'Selective Ins Group'),(18,'Velazquez',50,'Kemper PC Companies'),(19,'Whitley',3,'A	Mercury Gen Group'),(20,'Noel',61,'Selective Ins Group'),(21,'Vang',63,'CNA Ins Cos'),(22,'Wooten',11,'Selective Ins Group'),(23,'Huber',58,'AXIS US Operations'),(24,'Barlow',58,'CNA Ins Cos'),(25,'Boyle',17,'Selective Ins Group'),(26,'Mcmahon',10,'Cincinnati Ins Cos'),(27,'Buckner',64,'AXIS US Operations'),(28,'Williams',31,'MetLife Home Group'),(29,'Jones',33,'Selective Ins Group'),(30,'Brown',64,'Auto Club Group'),(31,'Davis',42,'CNA Ins Cos'),(32,'Miller',4,'MetLife Home Group'),(33,'Wilson',25,'MetLife Home Group'),(34,'Moore',33,'Selective Ins Group'),(35,'Taylor',49,'CNA Ins Cos'),(36,'Anderson',44,'QBE Americas Group'),(37,'Thomas',56,'A	Mercury Gen Group'),(38,'Jackson',37,'CNA Ins Cos'),(39,'White',62,'A	Mercury Gen Group'),(40,'Harris',2,'CNA Ins Cos'),(41,'Martin',14,'CNA Ins Cos'),(42,'Thompson',59,'A	Mercury Gen Group'),(43,'Garcia',10,'CNA Ins Cos'),(44,'Martinez',39,'CNA Ins Cos'),(45,'Robinson',64,'Selective Ins Group'),(46,'Clark',3,'Markel Corp Group'),(47,'Rodriguez',22,'Selective Ins Group'),(48,'Lewis',2,'Kemper PC Companies'),(49,'Lee',44,'Kemper PC Companies'),(50,'Walker',12,'CNA Ins Cos'),(51,'Hall',29,'CNA Ins Cos'),(52,'Allen',9,'Markel Corp Group'),(53,'Young',60,'Selective Ins Group'),(54,'Hernandez',20,'Kemper PC Companies'),(55,'King',22,'MetLife Home Group'),(56,'Wright',50,'Auto Club Group'),(57,'Lopez',47,'Selective Ins Group'),(58,'Hill',36,'MetLife Home Group'),(59,'Scott',40,'Cincinnati Ins Cos'),(60,'Green',52,'Auto Club Group'),(61,'Adams',46,'CSAA Ins Group'),(62,'Baker',49,'CNA Ins Cos'),(63,'Gonzalez',9,'Selective Ins Group'),(64,'Nelson',50,'Kemper PC Companies'),(65,'Carter',56,'CNA Ins Cos'),(66,'Mitchell',24,'MetLife Home Group'),(67,'Perez',48,'Kemper PC Companies'),(68,'Roberts',25,'Selective Ins Group'),(69,'Turner',31,'AXIS US Operations'),(70,'Phillips',9,'A	Mercury Gen Group'),(71,'Campbell',17,'CNA Ins Cos'),(72,'Parker',53,'CNA Ins Cos'),(73,'Evans',15,'NJM Ins Group'),(74,'Edwards',13,'CSAA Ins Group'),(75,'Collins',22,'Selective Ins Group'),(76,'Stewart',54,'Sentry Ins Group'),(77,'Sanchez',9,'CNA Ins Cos'),(78,'Morris',50,'Selective Ins Group'),(79,'Rogers',44,'Selective Ins Group'),(80,'Reed',9,'Kemper PC Companies'),(81,'Cook',29,'Selective Ins Group'),(82,'Morgan',20,'Selective Ins Group'),(83,'Bell',11,'Kemper PC Companies'),(84,'Murphy',44,'AXIS US Operations'),(85,'Bailey',35,'CNA Ins Cos'),(86,'Rivera',37,'MetLife Home Group'),(87,'Cooper',52,'Selective Ins Group'),(88,'Richardso',5,'MetLife Home Group'),(89,'Cox',50,'Selective Ins Group'),(90,'Howard',26,'Selective Ins Group'),(91,'Ward',56,'CNA Ins Cos'),(92,'Torres',55,'Selective Ins Group'),(93,'Peterson',12,'Kemper PC Companies'),(94,'Gray',3,'Auto Club Group'),(95,'Ramirez',49,'CNA Ins Cos'),(96,'James',60,'CNA Ins Cos'),(97,'Watson',19,'CNA Ins Cos'),(98,'Brooks',14,'Auto Club Group'),(99,'Kelly',13,'Kemper PC Companies'),(100,'Sanders',24,'CNA Ins Cos'),(101,'Price',9,'Auto Club Group'),(102,'Bennett',25,'Kemper PC Companies'),(103,'Wood',51,'Selective Ins Group'),(104,'Barnes',15,'CNA Ins Cos'),(105,'Ross',20,'Selective Ins Group'),(106,'Henderson',56,'Kemper PC Companies'),(107,'Coleman',65,'Selective Ins Group'),(108,'Jenkins',58,'Kemper PC Companies'),(109,'Perry',56,'Kemper PC Companies'),(110,'Powell',21,'Selective Ins Group'),(111,'Long',35,'Selective Ins Group'),(112,'Patterson',13,'CNA Ins Cos'),(113,'Hughes',30,'AXIS US Operations'),(114,'Flores',59,'Markel Corp Group'),(115,'Washingto',22,'CNA Ins Cos'),(116,'Butler',62,'AXIS US Operations'),(117,'Simmons',43,'MetLife Home Group'),(118,'Foster',29,'Selective Ins Group'),(119,'Gonzales',15,'Selective Ins Group'),(120,'Bryant',56,'Auto Club Group'),(121,'Alexander',5,'Markel Corp Group'),(122,'Russell',18,'AXIS US Operations'),(123,'Griffin',55,'Auto Club Group'),(124,'Diaz',43,'MetLife Home Group'),(125,'Hayes',19,'CNA Ins Cos'),(126,'Myers',61,'Westfield Group'),(127,'Ford',38,'Selective Ins Group'),(128,'Hamilton',9,'CNA Ins Cos'),(129,'Graham',39,'Auto Club Group'),(130,'Sullivan',29,'AXIS US Operations'),(131,'Wallace',18,'CNA Ins Cos'),(132,'Woods',23,'Selective Ins Group'),(133,'Cole',4,'Selective Ins Group'),(134,'West',48,'Kemper PC Companies'),(135,'Jordan',27,'Selective Ins Group'),(136,'Owens',4,'EMC Ins Cos'),(137,'Reynolds',41,'Kemper PC Companies'),(138,'Fisher',34,'MetLife Home Group'),(139,'Ellis',21,'Markel Corp Group'),(140,'Harrison',3,'CNA Ins Cos'),(141,'Gibson',52,'MetLife Home Group'),(142,'Mcdonald',50,'Cincinnati Ins Cos'),(143,'Cruz',19,'Auto Club Group'),(144,'Marshall',18,'CNA Ins Cos'),(145,'Ortiz',11,'Auto Club Group'),(146,'Gomez',2,'Selective Ins Group'),(147,'Murray',54,'AXIS US Operations'),(148,'Freeman',33,'Auto Club Group'),(149,'Wells',13,'Kemper PC Companies'),(150,'Webb',62,'Kemper PC Companies'),(151,'Simpson',30,'MetLife Home Group'),(152,'Stevens',48,'Sentry Ins Group'),(153,'Tucker',19,'AXIS US Operations'),(154,'Porter',31,'Selective Ins Group'),(155,'Hunter',24,'AXIS US Operations'),(156,'Hicks',31,'MetLife Home Group'),(157,'Crawford',12,'Auto Club Group'),(158,'Henry',22,'Kemper PC Companies'),(159,'Boyd',61,'Selective Ins Group'),(160,'Mason',40,'CNA Ins Cos'),(161,'Morales',15,'Selective Ins Group'),(162,'Kennedy',58,'Kemper PC Companies'),(163,'Warren',44,'CNA Ins Cos'),(164,'Dixon',46,'MetLife Home Group'),(165,'Ramos',40,'CNA Ins Cos'),(166,'Reyes',45,'Kemper PC Companies'),(167,'Burns',35,'AXIS US Operations'),(168,'Gordon',39,'Selective Ins Group'),(169,'Shaw',9,'A	Mercury Gen Group'),(170,'Holmes',35,'Selective Ins Group'),(171,'Rice',6,'MetLife Home Group'),(172,'Robertson',24,'Selective Ins Group'),(173,'Hunt',2,'AXIS US Operations'),(174,'Black',36,'Markel Corp Group'),(175,'Daniels',26,'CNA Ins Cos'),(176,'Palmer',1,'CNA Ins Cos'),(177,'Mills',41,'MetLife Home Group'),(178,'Nichols',30,'MetLife Home Group'),(179,'Grant',30,'Auto Club Group'),(180,'Knight',63,'QBE Americas Group'),(181,'Ferguson',3,'Kemper PC Companies'),(182,'Rose',63,'Selective Ins Group'),(183,'Stone',7,'Sentry Ins Group'),(184,'Hawkins',42,'CNA Ins Cos'),(185,'Dunn',45,'AXIS US Operations'),(186,'Perkins',32,'Kemper PC Companies'),(187,'Hudson',35,'AXIS US Operations'),(188,'Spencer',32,'AmTrust Group'),(189,'Gardner',3,'CNA Ins Cos'),(190,'Stephens',21,'Sentry Ins Group'),(191,'Payne',42,'CNA Ins Cos'),(192,'Pierce',1,'MetLife Home Group'),(193,'Berry',28,'Kemper PC Companies'),(194,'Matthews',38,'CNA Ins Cos'),(195,'Arnold',3,'Auto Club Group'),(196,'Wagner',3,'CNA Ins Cos'),(197,'Willis',5,'MetLife Home Group'),(198,'Ray',18,'CNA Ins Cos'),(199,'Watkins',38,'CNA Ins Cos'),(200,'Olson',20,'Markel Corp Group'),(201,'Carroll',7,'CNA Ins Cos'),(202,'Duncan',24,'AXIS US Operations'),(203,'Snyder',58,'QBE Americas Group'),(204,'Hart',51,'CNA Ins Cos'),(205,'Cunningha',2,'AXIS US Operations'),(206,'Bradley',33,'Auto Club Group'),(207,'Lane',3,'CNA Ins Cos'),(208,'Andrews',10,'QBE Americas Group'),(209,'Ruiz',60,'AXIS US Operations'),(210,'Harper',53,'CNA Ins Cos'),(211,'Fox',14,'Selective Ins Group'),(212,'Riley',31,'MetLife Home Group'),(213,'Armstrong',17,'Auto Club Group'),(214,'Carpenter',34,'CNA Ins Cos'),(215,'Weaver',9,'Kemper PC Companies'),(216,'Greene',46,'Auto Club Group'),(217,'Lawrence',4,'CNA Ins Cos'),(218,'Elliott',3,'Markel Corp Group'),(219,'Chavez',22,'A	Mercury Gen Group'),(220,'Sims',25,'MetLife Home Group'),(221,'Austin',35,'AXIS US Operations'),(222,'Peters',63,'Kemper PC Companies'),(223,'Kelley',38,'Kemper PC Companies'),(224,'Franklin',35,'Auto Club Group'),(225,'Lawson',59,'CNA Ins Cos'),(226,'Fields',1,'MetLife Home Group'),(227,'Gutierrez',11,'AXIS US Operations'),(228,'Ryan',36,'Westfield Group'),(229,'Schmidt',46,'Cincinnati Ins Cos'),(230,'Carr',23,'CNA Ins Cos'),(231,'Vasquez',14,'CNA Ins Cos'),(232,'Castillo',63,'CNA Ins Cos'),(233,'Wheeler',13,'A	Mercury Gen Group'),(234,'Chapman',58,'A	Mercury Gen Group'),(235,'Oliver',44,'Markel Corp Group'),(236,'Montgomer',47,'Selective Ins Group'),(237,'Richards',36,'MetLife Home Group'),(238,'Williamso',59,'MetLife Home Group'),(239,'Johnston',41,'Selective Ins Group'),(240,'Banks',59,'CNA Ins Cos'),(241,'Meyer',63,'Kemper PC Companies'),(242,'Bishop',56,'MetLife Home Group'),(243,'Mccoy',15,'Cincinnati Ins Cos'),(244,'Howell',11,'Selective Ins Group'),(245,'Alvarez',7,'Markel Corp Group'),(246,'Morrison',1,'Selective Ins Group'),(247,'Hansen',23,'CNA Ins Cos'),(248,'Fernandez',22,'Kemper PC Companies'),(249,'Garza',54,'CNA Ins Cos'),(250,'Harvey',7,'CNA Ins Cos'),(251,'Little',24,'MetLife Home Group'),(252,'Burton',35,'AXIS US Operations'),(253,'Stanley',60,'Sentry Ins Group'),(254,'Nguyen',53,'AXA U.S. Group'),(255,'George',16,'Kemper PC Companies'),(256,'Jacobs',2,'CNA Ins Cos'),(257,'Reid',59,'Kemper PC Companies'),(258,'Kim',28,'MetLife Home Group'),(259,'Fuller',64,'AXIS US Operations'),(260,'Lynch',34,'Westfield Group'),(261,'Dean',34,'Kemper PC Companies'),(262,'Gilbert',4,'MetLife Home Group'),(263,'Garrett',65,'CNA Ins Cos'),(264,'Romero',22,'Selective Ins Group'),(265,'Welch',15,'Kemper PC Companies'),(266,'Larson',15,'CNA Ins Cos'),(267,'Frazier',7,'Auto Club Group'),(268,'Burke',24,'AXIS US Operations'),(269,'Hanson',2,'CNA Ins Cos'),(270,'Day',28,'CNA Ins Cos'),(271,'Mendoza',39,'Kemper PC Companies'),(272,'Moreno',11,'Selective Ins Group'),(273,'Bowman',39,'Selective Ins Group'),(274,'Medina',62,'Kemper PC Companies'),(275,'Fowler',8,'Selective Ins Group'),(276,'Brewer',2,'Auto Club Group'),(277,'Hoffman',38,'Selective Ins Group'),(278,'Carlson',36,'CNA Ins Cos'),(279,'Silva',54,'MetLife Home Group'),(280,'Pearson',28,'Kemper PC Companies'),(281,'Holland',39,'Selective Ins Group'),(282,'Douglas',11,'Selective Ins Group'),(283,'Fleming',39,'Markel Corp Group'),(284,'Jensen',60,'Kemper PC Companies'),(285,'Vargas',63,'CNA Ins Cos'),(286,'Byrd',36,'Westfield Group'),(287,'Davidson',32,'CNA Ins Cos'),(288,'Hopkins',53,'Selective Ins Group'),(289,'May',60,'CNA Ins Cos'),(290,'Terry',47,'Kemper PC Companies'),(291,'Herrera',55,'Kemper PC Companies'),(292,'Wade',55,'CNA Ins Cos'),(293,'Soto',35,'Selective Ins Group'),(294,'Walters',14,'CNA Ins Cos'),(295,'Curtis',44,'AXIS US Operations'),(296,'Neal',8,'Kemper PC Companies'),(297,'Caldwell',49,'CNA Ins Cos'),(298,'Lowe',18,'Selective Ins Group'),(299,'Jennings',40,'Kemper PC Companies'),(300,'Barnett',49,'CNA Ins Cos'),(301,'Graves',23,'Auto Club Group'),(302,'Jimenez',34,'MetLife Home Group'),(303,'Horton',49,'Selective Ins Group'),(304,'Shelton',41,'A	Mercury Gen Group'),(305,'Barrett',58,'CNA Ins Cos'),(306,'Obrien',33,'Everest Re US Group'),(307,'Castro',39,'CNA Ins Cos'),(308,'Sutton',9,'AXIS US Operations'),(309,'Gregory',62,'Auto Club Group'),(310,'Mckinney',20,'Cincinnati Ins Cos'),(311,'Lucas',16,'AXIS US Operations'),(312,'Miles',20,'MetLife Home Group'),(313,'Craig',53,'Auto Club Group'),(314,'Rodriquez',6,'Selective Ins Group'),(315,'Chambers',63,'A	Mercury Gen Group'),(316,'Holt',21,'Selective Ins Group'),(317,'Lambert',5,'CNA Ins Cos'),(318,'Fletcher',58,'Markel Corp Group'),(319,'Watts',11,'CNA Ins Cos'),(320,'Bates',18,'CNA Ins Cos'),(321,'Hale',53,'CNA Ins Cos'),(322,'Rhodes',12,'A	Mercury Gen Group'),(323,'Pena',1,'Kemper PC Companies'),(324,'Beck',56,'Kemper PC Companies'),(325,'Newman',38,'Kemper PC Companies'),(326,'Haynes',3,'CNA Ins Cos'),(327,'Mcdaniel',22,'Cincinnati Ins Cos'),(328,'Mendez',46,'Kemper PC Companies'),(329,'Bush',15,'AXIS US Operations'),(330,'Vaughn',55,'CNA Ins Cos'),(331,'Parks',6,'CNA Ins Cos'),(332,'Dawson',49,'CNA Ins Cos'),(333,'Santiago',49,'CNA Ins Cos'),(334,'Norris',25,'Selective Ins Group'),(335,'Hardy',35,'CNA Ins Cos'),(336,'Love',40,'Selective Ins Group'),(337,'Steele',20,'Sentry Ins Group'),(338,'Curry',47,'AXIS US Operations'),(339,'Powers',15,'Selective Ins Group'),(340,'Schultz',23,'Cincinnati Ins Cos'),(341,'Barker',12,'CNA Ins Cos'),(342,'Guzman',9,'AXIS US Operations'),(343,'Page',57,'CNA Ins Cos'),(344,'Munoz',60,'AXIS US Operations'),(345,'Ball',28,'Shelter Ins Cos'),(346,'Keller',61,'Kemper PC Companies'),(347,'Chandler',19,'A	Mercury Gen Group'),(348,'Weber',12,'Kemper PC Companies'),(349,'Leonard',4,'Kemper PC Companies'),(350,'Walsh',26,'CNA Ins Cos'),(351,'Lyons',12,'Westfield Group'),(352,'Ramsey',6,'CNA Ins Cos'),(353,'Wolfe',8,'Selective Ins Group'),(354,'Schneider',55,'Cincinnati Ins Cos'),(355,'Mullins',15,'AXIS US Operations'),(356,'Benson',60,'Kemper PC Companies'),(357,'Sharp',53,'A	Mercury Gen Group'),(358,'Bowen',14,'Selective Ins Group'),(359,'Daniel',8,'CNA Ins Cos'),(360,'Barber',61,'CNA Ins Cos'),(361,'Cummings',60,'AXIS US Operations'),(362,'Hines',19,'MetLife Home Group'),(363,'Baldwin',54,'CNA Ins Cos'),(364,'Griffith',41,'Auto Club Group'),(365,'Valdez',44,'CNA Ins Cos'),(366,'Hubbard',14,'AXIS US Operations'),(367,'Salazar',54,'CNA Ins Cos'),(368,'Reeves',15,'Kemper PC Companies'),(369,'Warner',36,'CNA Ins Cos'),(370,'Stevenson',39,'Sentry Ins Group'),(371,'Burgess',31,'AXIS US Operations'),(372,'Santos',32,'CNA Ins Cos'),(373,'Tate',11,'CNA Ins Cos'),(374,'Cross',51,'Auto Club Group'),(375,'Garner',63,'CNA Ins Cos'),(376,'Mann',41,'CNA Ins Cos'),(377,'Mack',29,'CNA Ins Cos'),(378,'Moss',13,'Selective Ins Group'),(379,'Thornton',8,'A	Mercury Gen Group'),(380,'Dennis',59,'Kemper PC Companies'),(381,'Mcgee',54,'Cincinnati Ins Cos'),(382,'Farmer',2,'CNA Ins Cos'),(383,'Delgado',13,'Kemper PC Companies'),(384,'Aguilar',65,'AXA U.S. Group'),(385,'Vega',52,'Kemper PC Companies'),(386,'Glover',25,'Markel Corp Group'),(387,'Manning',26,'CNA Ins Cos'),(388,'Cohen',16,'Selective Ins Group'),(389,'Harmon',50,'CNA Ins Cos'),(390,'Rodgers',36,'Selective Ins Group'),(391,'Robbins',31,'Selective Ins Group'),(392,'Newton',46,'Kemper PC Companies'),(393,'Todd',36,'Selective Ins Group'),(394,'Blair',41,'Markel Corp Group'),(395,'Higgins',53,'MetLife Home Group'),(396,'Ingram',55,'QBE Americas Group'),(397,'Reese',40,'Kemper PC Companies'),(398,'Cannon',2,'CNA Ins Cos'),(399,'Stricklan',57,'Sentry Ins Group'),(400,'Townsend',4,'Selective Ins Group'),(401,'Potter',20,'Selective Ins Group'),(402,'Goodwin',27,'Selective Ins Group'),(403,'Walton',46,'CNA Ins Cos'),(404,'Rowe',4,'Selective Ins Group'),(405,'Hampton',55,'CNA Ins Cos'),(406,'Ortega',13,'Auto Club Group'),(407,'Patton',4,'CNA Ins Cos'),(408,'Swanson',29,'EMC Ins Cos'),(409,'Joseph',49,'Selective Ins Group'),(410,'Francis',59,'Auto Club Group'),(411,'Goodman',47,'Selective Ins Group'),(412,'Maldonado',58,'CNA Ins Cos'),(413,'Yates',48,'CNA Ins Cos'),(414,'Becker',49,'Kemper PC Companies'),(415,'Erickson',38,'Auto Club Group'),(416,'Hodges',31,'Selective Ins Group'),(417,'Rios',41,'MetLife Home Group'),(418,'Conner',13,'Selective Ins Group'),(419,'Adkins',28,'CSAA Ins Group'),(420,'Webster',56,'Kemper PC Companies'),(421,'Norman',15,'Selective Ins Group'),(422,'Malone',38,'CNA Ins Cos'),(423,'Hammond',45,'CNA Ins Cos'),(424,'Flowers',13,'Markel Corp Group'),(425,'Cobb',28,'Selective Ins Group'),(426,'Moody',4,'Selective Ins Group'),(427,'Quinn',34,'AXIS US Operations'),(428,'Blake',60,'Markel Corp Group'),(429,'Maxwell',64,'CNA Ins Cos'),(430,'Pope',6,'Selective Ins Group'),(431,'Floyd',36,'Markel Corp Group'),(432,'Osborne',64,'Amica Mutual Group'),(433,'Paul',13,'CNA Ins Cos'),(434,'Mccarthy',13,'Cincinnati Ins Cos'),(435,'Guerrero',17,'AXIS US Operations'),(436,'Lindsey',43,'MetLife Home Group'),(437,'Estrada',8,'Amica Mutual Group'),(438,'Sandoval',24,'CNA Ins Cos'),(439,'Gibbs',29,'MetLife Home Group'),(440,'Tyler',3,'Westfield Group'),(441,'Gross',31,'Auto Club Group'),(442,'Fitzgeral',47,'MetLife Home Group'),(443,'Stokes',41,'Sentry Ins Group'),(444,'Doyle',65,'Selective Ins Group'),(445,'Sherman',2,'A	Mercury Gen Group'),(446,'Saunders',15,'CNA Ins Cos'),(447,'Wise',25,'MetLife Home Group'),(448,'Colon',7,'Selective Ins Group'),(449,'Gill',24,'MetLife Home Group'),(450,'Alvarado',36,'Markel Corp Group'),(451,'Greer',21,'Auto Club Group'),(452,'Padilla',8,'CNA Ins Cos'),(453,'Simon',7,'MetLife Home Group'),(454,'Waters',26,'CNA Ins Cos'),(455,'Nunez',2,'AXIS US Operations'),(456,'Ballard',6,'CNA Ins Cos'),(457,'Schwartz',25,'Cincinnati Ins Cos'),(458,'Mcbride',6,'Cincinnati Ins Cos'),(459,'Houston',57,'Selective Ins Group'),(460,'Christens',11,'A	Mercury Gen Group'),(461,'Klein',57,'Markel Corp Group'),(462,'Pratt',28,'Auto Club Group'),(463,'Briggs',42,'Auto Club Group'),(464,'Parsons',25,'CNA Ins Cos'),(465,'Mclaughli',1,'Cincinnati Ins Cos'),(466,'Zimmerman',31,'MetLife Home Group'),(467,'French',49,'Auto Club Group'),(468,'Buchanan',53,'AXIS US Operations'),(469,'Moran',19,'Selective Ins Group'),(470,'Copeland',37,'Selective Ins Group'),(471,'Roy',29,'Selective Ins Group'),(472,'Pittman',32,'MetLife Home Group'),(473,'Brady',43,'Auto Club Group'),(474,'Mccormick',65,'Cincinnati Ins Cos'),(475,'Holloway',11,'Selective Ins Group'),(476,'Brock',58,'Auto Club Group'),(477,'Poole',56,'Selective Ins Group'),(478,'Frank',9,'Auto Club Group'),(479,'Logan',56,'Selective Ins Group'),(480,'Owen',44,'EMC Ins Cos'),(481,'Bass',14,'CNA Ins Cos'),(482,'Marsh',60,'CNA Ins Cos'),(483,'Drake',6,'Auto Club Group'),(484,'Wong',48,'Selective Ins Group'),(485,'Jefferson',22,'Kemper PC Companies'),(486,'Park',7,'CNA Ins Cos'),(487,'Morton',6,'Selective Ins Group'),(488,'Abbott',56,'Everest Re US Group'),(489,'Sparks',65,'AmTrust Group'),(490,'Patrick',55,'CNA Ins Cos'),(491,'Norton',28,'Selective Ins Group'),(492,'Huff',38,'AXIS US Operations'),(493,'Clayton',46,'Markel Corp Group'),(494,'Massey',20,'CNA Ins Cos'),(495,'Lloyd',59,'Markel Corp Group'),(496,'Figueroa',37,'MetLife Home Group'),(497,'Carson',5,'CNA Ins Cos'),(498,'Bowers',18,'Selective Ins Group'),(499,'Roberson',63,'Selective Ins Group'),(500,'Barton',6,'CNA Ins Cos'),(501,'Tran',13,'Auto Club Group'),(502,'Lamb',49,'CNA Ins Cos'),(503,'Harringto',5,'CNA Ins Cos'),(504,'Casey',4,'CNA Ins Cos'),(505,'Boone',41,'Selective Ins Group'),(506,'Cortez',37,'Selective Ins Group'),(507,'Clarke',50,'Markel Corp Group'),(508,'Mathis',7,'CNA Ins Cos'),(509,'Singleton',41,'MetLife Home Group'),(510,'Wilkins',13,'MetLife Home Group'),(511,'Cain',3,'CNA Ins Cos'),(512,'Bryan',25,'Auto Club Group'),(513,'Underwood',5,'QBE Americas Group'),(514,'Hogan',50,'Selective Ins Group'),(515,'Mckenzie',33,'Cincinnati Ins Cos'),(516,'Collier',15,'Selective Ins Group'),(517,'Luna',65,'AXIS US Operations'),(518,'Phelps',18,'A	Mercury Gen Group'),(519,'Mcguire',54,'Cincinnati Ins Cos'),(520,'Allison',16,'Markel Corp Group'),(521,'Bridges',30,'Auto Club Group'),(522,'Wilkerson',43,'MetLife Home Group'),(523,'Nash',22,'CNA Ins Cos'),(524,'Summers',26,'AXIS US Operations'),(525,'Atkins',26,'Sentry Ins Group'),(526,'Wilcox',38,'MetLife Home Group'),(527,'Pitts',5,'MetLife Home Group'),(528,'Conley',37,'Selective Ins Group'),(529,'Marquez',15,'CNA Ins Cos'),(530,'Burnett',25,'AXIS US Operations'),(531,'Richard',23,'MetLife Home Group'),(532,'Cochran',42,'Selective Ins Group'),(533,'Chase',42,'A	Mercury Gen Group'),(534,'Davenport',59,'CNA Ins Cos'),(535,'Hood',50,'Selective Ins Group'),(536,'Gates',7,'CNA Ins Cos'),(537,'Clay',12,'Markel Corp Group'),(538,'Ayala',25,'Westfield Group'),(539,'Sawyer',30,'CNA Ins Cos'),(540,'Roman',29,'Selective Ins Group'),(541,'Vazquez',58,'CNA Ins Cos'),(542,'Dickerson',17,'MetLife Home Group'),(543,'Hodge',24,'Selective Ins Group'),(544,'Acosta',23,'Cincinnati Ins Cos'),(545,'Flynn',44,'Markel Corp Group'),(546,'Espinoza',48,'Amica Mutual Group'),(547,'Nicholson',9,'MetLife Home Group'),(548,'Monroe',2,'Selective Ins Group'),(549,'Wolf',16,'Selective Ins Group'),(550,'Morrow',2,'Selective Ins Group'),(551,'Kirk',58,'MetLife Home Group'),(552,'Randall',39,'CNA Ins Cos'),(553,'Anthony',28,'QBE Americas Group'),(554,'Whitaker',1,'A	Mercury Gen Group'),(555,'Oconnor',20,'Cincinnati Ins Cos'),(556,'Skinner',3,'Assurant P&C Group'),(557,'Ware',8,'CNA Ins Cos'),(558,'Molina',46,'Selective Ins Group'),(559,'Kirby',16,'MetLife Home Group'),(560,'Huffman',44,'AXIS US Operations'),(561,'Bradford',17,'Auto Club Group'),(562,'Charles',21,'A	Mercury Gen Group'),(563,'Gilmore',60,'MetLife Home Group'),(564,'Dominguez',10,'Selective Ins Group'),(565,'Oneal',64,'QBE Americas Group'),(566,'Bruce',49,'Auto Club Group'),(567,'Lang',65,'CNA Ins Cos'),(568,'Combs',61,'Selective Ins Group'),(569,'Kramer',2,'Auto Club Group'),(570,'Heath',28,'Kemper PC Companies'),(571,'Hancock',34,'CNA Ins Cos'),(572,'Gallagher',54,'CNA Ins Cos'),(573,'Gaines',22,'CNA Ins Cos'),(574,'Shaffer',55,'A	Mercury Gen Group'),(575,'Short',10,'A	Mercury Gen Group'),(576,'Wiggins',2,'MetLife Home Group'),(577,'Mathews',2,'CNA Ins Cos'),(578,'Mcclain',11,'Cincinnati Ins Cos'),(579,'Fischer',39,'MetLife Home Group'),(580,'Wall',45,'CNA Ins Cos'),(581,'Small',5,'Arch Ins Group'),(582,'Melton',56,'Kemper PC Companies'),(583,'Hensley',20,'Kemper PC Companies'),(584,'Bond',60,'Selective Ins Group'),(585,'Dyer',44,'Westfield Group'),(586,'Cameron',39,'CNA Ins Cos'),(587,'Grimes',65,'Auto Club Group'),(588,'Contreras',8,'Selective Ins Group'),(589,'Christian',43,'A	Mercury Gen Group'),(590,'Wyatt',7,'Westfield Group'),(591,'Baxter',26,'CNA Ins Cos'),(592,'Snow',58,'QBE Americas Group'),(593,'Mosley',13,'Selective Ins Group'),(594,'Shepherd',52,'A	Mercury Gen Group'),(595,'Larsen',13,'CNA Ins Cos'),(596,'Hoover',53,'Selective Ins Group'),(597,'Beasley',38,'Kemper PC Companies'),(598,'Glenn',2,'Markel Corp Group'),(599,'Petersen',25,'Kemper PC Companies'),(600,'Whitehead',11,'A	Mercury Gen Group'),(601,'Meyers',62,'Kemper PC Companies'),(602,'Keith',1,'Kemper PC Companies'),(603,'Garrison',18,'CNA Ins Cos'),(604,'Vincent',3,'MetLife Home Group'),(605,'Shields',35,'A	Mercury Gen Group'),(606,'Horn',31,'Selective Ins Group'),(607,'Savage',30,'CNA Ins Cos'),(608,'Olsen',10,'Markel Corp Group'),(609,'Schroeder',61,'Cincinnati Ins Cos'),(610,'Hartman',37,'CNA Ins Cos'),(611,'Woodard',52,'Selective Ins Group'),(612,'Mueller',15,'AXIS US Operations'),(613,'Kemp',11,'Kemper PC Companies'),(614,'Deleon',12,'Kemper PC Companies'),(615,'Booth',28,'Selective Ins Group'),(616,'Patel',1,'CNA Ins Cos'),(617,'Calhoun',24,'CNA Ins Cos'),(618,'Wiley',18,'MetLife Home Group'),(619,'Eaton',16,'CNA Ins Cos'),(620,'Cline',26,'Markel Corp Group'),(621,'Navarro',37,'CNA Ins Cos'),(622,'Harrell',29,'CNA Ins Cos'),(623,'Lester',3,'Kemper PC Companies'),(624,'Humphrey',26,'AXIS US Operations'),(625,'Parrish',21,'CNA Ins Cos'),(626,'Duran',29,'AXIS US Operations'),(627,'Hutchinso',8,'AXIS US Operations'),(628,'Hess',10,'Kemper PC Companies'),(629,'Dorsey',12,'Selective Ins Group'),(630,'Bullock',30,'AXIS US Operations'),(631,'Robles',13,'Selective Ins Group'),(632,'Beard',14,'Kemper PC Companies'),(633,'Dalton',32,'CNA Ins Cos'),(634,'Avila',39,'NJM Ins Group'),(635,'Vance',60,'CNA Ins Cos'),(636,'Rich',27,'MetLife Home Group'),(637,'Blackwell',26,'Markel Corp Group'),(638,'York',22,'Selective Ins Group'),(639,'Johns',29,'Selective Ins Group'),(640,'Blankensh',52,'Markel Corp Group'),(641,'Trevino',11,'Auto Club Group'),(642,'Salinas',26,'CNA Ins Cos'),(643,'Campos',63,'CNA Ins Cos'),(644,'Pruitt',15,'Auto Club Group'),(645,'Moses',9,'Selective Ins Group'),(646,'Callahan',58,'CNA Ins Cos'),(647,'Golden',49,'Selective Ins Group'),(648,'Montoya',21,'Selective Ins Group'),(649,'Hardin',1,'CNA Ins Cos'),(650,'Guerra',16,'AXIS US Operations'),(651,'Mcdowell',15,'Cincinnati Ins Cos'),(652,'Carey',61,'CNA Ins Cos'),(653,'Stafford',57,'Sentry Ins Group'),(654,'Gallegos',63,'CNA Ins Cos'),(655,'Henson',32,'Kemper PC Companies'),(656,'Wilkinson',1,'MetLife Home Group'),(657,'Booker',16,'Selective Ins Group'),(658,'Merritt',16,'Kemper PC Companies'),(659,'Miranda',32,'MetLife Home Group'),(660,'Atkinson',31,'Sentry Ins Group'),(661,'Orr',60,'Auto Club Group'),(662,'Decker',9,'Kemper PC Companies'),(663,'Hobbs',63,'Selective Ins Group'),(664,'Preston',49,'Auto Club Group'),(665,'Tanner',62,'CNA Ins Cos'),(666,'Knox',39,'QBE Americas Group'),(667,'Pacheco',9,'CNA Ins Cos'),(668,'Stephenso',27,'Sentry Ins Group'),(669,'Glass',7,'Markel Corp Group'),(670,'Rojas',55,'Selective Ins Group'),(671,'Serrano',56,'Kemper PC Companies'),(672,'Marks',12,'CNA Ins Cos'),(673,'Hickman',40,'MetLife Home Group'),(674,'English',28,'QBE Americas Group'),(675,'Sweeney',63,'EMC Ins Cos'),(676,'Strong',28,'Sentry Ins Group'),(677,'Prince',54,'Auto Club Group'),(678,'Mcclure',52,'Cincinnati Ins Cos'),(679,'Conway',40,'Selective Ins Group'),(680,'Walter',46,'CNA Ins Cos'),(681,'Roth',7,'Selective Ins Group'),(682,'Maynard',29,'CNA Ins Cos'),(683,'Farrell',36,'CNA Ins Cos'),(684,'Lowery',2,'Selective Ins Group'),(685,'Hurst',52,'AXIS US Operations'),(686,'Nixon',34,'MetLife Home Group'),(687,'Weiss',20,'Kemper PC Companies'),(688,'Trujillo',24,'Auto Club Group'),(689,'Ellison',21,'Markel Corp Group'),(690,'Sloan',48,'Markel Corp Group'),(691,'Juarez',44,'AXIS US Operations'),(692,'Winters',51,'MetLife Home Group'),(693,'Mclean',18,'Cincinnati Ins Cos'),(694,'Randolph',36,'CNA Ins Cos'),(695,'Leon',29,'Kemper PC Companies'),(696,'Boyer',34,'Selective Ins Group'),(697,'Villarrea',50,'MetLife Home Group'),(698,'Mccall',11,'Cincinnati Ins Cos'),(699,'Gentry',8,'Kemper PC Companies'),(700,'Carrillo',6,'CNA Ins Cos'),(701,'Kent',6,'Kemper PC Companies'),(702,'Ayers',12,'Westfield Group'),(703,'Lara',44,'CNA Ins Cos'),(704,'Shannon',15,'A	Mercury Gen Group'),(705,'Sexton',27,'Kemper PC Companies'),(706,'Pace',2,'CNA Ins Cos'),(707,'Hull',10,'AXIS US Operations'),(708,'Leblanc',33,'Kemper PC Companies'),(709,'Browning',32,'Auto Club Group'),(710,'Velasquez',64,'Kemper PC Companies'),(711,'Leach',21,'Kemper PC Companies'),(712,'Chang',14,'A	Mercury Gen Group'),(713,'House',6,'Selective Ins Group'),(714,'Sellers',65,'Kemper PC Companies'),(715,'Herring',32,'Kemper PC Companies'),(716,'Noble',57,'Selective Ins Group'),(717,'Foley',49,'Selective Ins Group'),(718,'Bartlett',40,'CNA Ins Cos'),(719,'Mercado',50,'Kemper PC Companies'),(720,'Landry',13,'CNA Ins Cos'),(721,'Durham',13,'AXIS US Operations'),(722,'Walls',27,'CNA Ins Cos'),(723,'Barr',48,'CNA Ins Cos'),(724,'Mckee',5,'Cincinnati Ins Cos'),(725,'Bauer',35,'CNA Ins Cos'),(726,'Rivers',57,'MetLife Home Group'),(727,'Everett',52,'NJM Ins Group'),(728,'Bradshaw',38,'Auto Club Group'),(729,'Pugh',46,'AXIS US Operations'),(730,'Velez',16,'Kemper PC Companies'),(731,'Rush',40,'AXIS US Operations'),(732,'Estes',52,'Amica Mutual Group'),(733,'Dodson',41,'Selective Ins Group'),(734,'Morse',49,'Selective Ins Group'),(735,'Sheppard',22,'A	Mercury Gen Group'),(736,'Weeks',63,'Kemper PC Companies'),(737,'Camacho',50,'CNA Ins Cos'),(738,'Bean',60,'Kemper PC Companies'),(739,'Barron',52,'CNA Ins Cos'),(740,'Livingsto',4,'MetLife Home Group'),(741,'Middleton',30,'MetLife Home Group'),(742,'Spears',20,'AmTrust Group'),(743,'Branch',9,'Auto Club Group'),(744,'Blevins',63,'Markel Corp Group'),(745,'Chen',6,'A	Mercury Gen Group'),(746,'Kerr',3,'Kemper PC Companies'),(747,'Mcconnell',45,'Cincinnati Ins Cos'),(748,'Hatfield',13,'CNA Ins Cos'),(749,'Harding',32,'CNA Ins Cos'),(750,'Ashley',21,'Amica Mutual Group'),(751,'Solis',7,'Selective Ins Group'),(752,'Herman',39,'Kemper PC Companies'),(753,'Frost',48,'Auto Club Group'),(754,'Giles',19,'MetLife Home Group'),(755,'Blackburn',49,'Markel Corp Group'),(756,'William',64,'MetLife Home Group'),(757,'Penningto',65,'Kemper PC Companies'),(758,'Woodward',3,'Selective Ins Group'),(759,'Finley',37,'MetLife Home Group'),(760,'Mcintosh',32,'Cincinnati Ins Cos'),(761,'Koch',53,'Selective Ins Group'),(762,'Best',48,'Kemper PC Companies'),(763,'Solomon',65,'Selective Ins Group'),(764,'Mcculloug',50,'Cincinnati Ins Cos'),(765,'Dudley',14,'AXIS US Operations'),(766,'Nolan',22,'Selective Ins Group'),(767,'Blanchard',50,'Markel Corp Group'),(768,'Rivas',64,'MetLife Home Group'),(769,'Brennan',24,'Auto Club Group'),(770,'Mejia',28,'Kemper PC Companies'),(771,'Kane',29,'CNA Ins Cos'),(772,'Benton',54,'Kemper PC Companies'),(773,'Joyce',63,'Selective Ins Group'),(774,'Buckley',40,'AXIS US Operations'),(775,'Haley',45,'CNA Ins Cos'),(776,'Valentine',17,'CNA Ins Cos'),(777,'Maddox',52,'CNA Ins Cos'),(778,'Russo',11,'AXIS US Operations'),(779,'Mcknight',61,'Cincinnati Ins Cos'),(780,'Buck',46,'AXIS US Operations'),(781,'Moon',44,'Selective Ins Group'),(782,'Mcmillan',60,'Cincinnati Ins Cos'),(783,'Crosby',40,'Auto Club Group'),(784,'Berg',37,'Kemper PC Companies'),(785,'Dotson',56,'Selective Ins Group'),(786,'Mays',48,'CNA Ins Cos'),(787,'Roach',19,'Selective Ins Group'),(788,'Church',53,'A	Mercury Gen Group'),(789,'Chan',30,'A	Mercury Gen Group'),(790,'Richmond',35,'MetLife Home Group'),(791,'Meadows',5,'Kemper PC Companies'),(792,'Faulkner',19,'CNA Ins Cos'),(793,'Oneill',40,'QBE Americas Group'),(794,'Knapp',44,'QBE Americas Group'),(795,'Kline',65,'Markel Corp Group'),(796,'Barry',13,'CNA Ins Cos'),(797,'Ochoa',34,'Cincinnati Ins Cos'),(798,'Jacobson',13,'CNA Ins Cos'),(799,'Gay',55,'CNA Ins Cos'),(800,'Avery',61,'NJM Ins Group'),(801,'Hendricks',41,'Kemper PC Companies'),(802,'Horne',22,'Selective Ins Group'),(803,'Shepard',5,'A	Mercury Gen Group'),(804,'Hebert',61,'Kemper PC Companies'),(805,'Cherry',49,'A	Mercury Gen Group'),(806,'Cardenas',64,'CNA Ins Cos'),(807,'Mcintyre',20,'Cincinnati Ins Cos'),(808,'Whitney',62,'A	Mercury Gen Group'),(809,'Waller',36,'CNA Ins Cos'),(810,'Holman',1,'Selective Ins Group'),(811,'Donaldson',13,'Selective Ins Group'),(812,'Cantu',64,'CNA Ins Cos'),(813,'Terrell',58,'Kemper PC Companies'),(814,'Morin',8,'Selective Ins Group'),(815,'Gillespie',38,'MetLife Home Group'),(816,'Fuentes',19,'AXIS US Operations'),(817,'Tillman',61,'MetLife Home Group'),(818,'Sanford',54,'CNA Ins Cos'),(819,'Bentley',65,'Kemper PC Companies'),(820,'Peck',56,'Kemper PC Companies'),(821,'Key',42,'Kemper PC Companies'),(822,'Salas',51,'CNA Ins Cos'),(823,'Rollins',5,'Selective Ins Group'),(824,'Gamble',65,'CNA Ins Cos'),(825,'Dickson',39,'MetLife Home Group'),(826,'Battle',28,'CNA Ins Cos'),(827,'Santana',6,'CNA Ins Cos'),(828,'Cabrera',28,'CNA Ins Cos'),(829,'Cervantes',58,'Kemper PC Companies'),(830,'Howe',64,'Selective Ins Group'),(831,'Hinton',47,'MetLife Home Group'),(832,'Hurley',42,'AXIS US Operations'),(833,'Spence',54,'AmTrust Group'),(834,'Zamora',12,'CNA Ins Cos'),(835,'Yang',59,'CNA Ins Cos'),(836,'Mcneil',57,'Cincinnati Ins Cos'),(837,'Suarez',9,'AXIS US Operations'),(838,'Case',62,'CNA Ins Cos'),(839,'Petty',52,'Kemper PC Companies'),(840,'Gould',30,'Selective Ins Group'),(841,'Mcfarland',49,'Cincinnati Ins Cos'),(842,'Sampson',21,'CNA Ins Cos'),(843,'Carver',12,'CNA Ins Cos'),(844,'Bray',24,'Auto Club Group'),(845,'Rosario',49,'Selective Ins Group'),(846,'Macdonald',45,'CNA Ins Cos'),(847,'Stout',1,'Sentry Ins Group'),(848,'Hester',42,'Kemper PC Companies'),(849,'Melendez',41,'Kemper PC Companies'),(850,'Dillon',60,'MetLife Home Group'),(851,'Farley',22,'CNA Ins Cos'),(852,'Hopper',24,'Selective Ins Group'),(853,'Galloway',53,'CNA Ins Cos'),(854,'Potts',23,'Selective Ins Group'),(855,'Bernard',17,'Kemper PC Companies'),(856,'Joyner',2,'Selective Ins Group'),(857,'Stein',49,'Sentry Ins Group'),(858,'Aguirre',42,'AXA U.S. Group'),(859,'Osborn',34,'Amica Mutual Group'),(860,'Mercer',4,'Kemper PC Companies'),(861,'Bender',21,'Kemper PC Companies'),(862,'Franco',2,'Auto Club Group'),(863,'Rowland',12,'Selective Ins Group'),(864,'Sykes',2,'Westfield Group'),(865,'Benjamin',44,'Kemper PC Companies'),(866,'Travis',4,'Auto Club Group'),(867,'Pickett',22,'MetLife Home Group'),(868,'Crane',36,'Auto Club Group'),(869,'Sears',16,'Kemper PC Companies'),(870,'Mayo',58,'CNA Ins Cos'),(871,'Dunlap',12,'AXIS US Operations'),(872,'Hayden',44,'CNA Ins Cos'),(873,'Wilder',42,'MetLife Home Group'),(874,'Mckay',35,'Cincinnati Ins Cos'),(875,'Coffey',29,'Selective Ins Group'),(876,'Mccarty',52,'Cincinnati Ins Cos'),(877,'Ewing',57,'EMC Ins Cos'),(878,'Cooley',7,'Selective Ins Group'),(879,'Vaughan',56,'CNA Ins Cos'),(880,'Bonner',7,'Selective Ins Group'),(881,'Cotton',36,'Selective Ins Group'),(882,'Holder',60,'Selective Ins Group'),(883,'Stark',3,'Sentry Ins Group'),(884,'Ferrell',7,'Kemper PC Companies'),(885,'Cantrell',15,'CNA Ins Cos'),(886,'Fulton',43,'AXIS US Operations'),(887,'Lynn',26,'Westfield Group'),(888,'Lott',6,'Selective Ins Group'),(889,'Calderon',31,'CNA Ins Cos'),(890,'Rosa',36,'Selective Ins Group'),(891,'Pollard',23,'Selective Ins Group'),(892,'Hooper',35,'Selective Ins Group'),(893,'Burch',11,'AXIS US Operations'),(894,'Mullen',47,'AXIS US Operations'),(895,'Fry',2,'Auto Club Group'),(896,'Riddle',21,'MetLife Home Group'),(897,'Levy',33,'Kemper PC Companies'),(898,'David',64,'CNA Ins Cos'),(899,'Duke',21,'AXIS US Operations'),(900,'Odonnell',12,'CSAA Ins Group'),(901,'Guy',35,'AXIS US Operations'),(902,'Michael',55,'MetLife Home Group'),(903,'Britt',39,'Auto Club Group'),(904,'Frederick',30,'Auto Club Group'),(905,'Daugherty',14,'CNA Ins Cos'),(906,'Berger',32,'Kemper PC Companies'),(907,'Dillard',61,'MetLife Home Group'),(908,'Alston',63,'Markel Corp Group'),(909,'Jarvis',31,'CNA Ins Cos'),(910,'Frye',59,'Auto Club Group'),(911,'Riggs',48,'MetLife Home Group'),(912,'Chaney',36,'A	Mercury Gen Group'),(913,'Odom',35,'CSAA Ins Group'),(914,'Duffy',32,'AXIS US Operations'),(915,'Fitzpatri',30,'MetLife Home Group'),(916,'Valenzuel',48,'CNA Ins Cos'),(917,'Merrill',50,'Kemper PC Companies'),(918,'Mayer',9,'CNA Ins Cos'),(919,'Alford',17,'Markel Corp Group'),(920,'Mcpherson',31,'Cincinnati Ins Cos'),(921,'Acevedo',25,'Cincinnati Ins Cos'),(922,'Donovan',15,'Selective Ins Group'),(923,'Barrera',29,'CNA Ins Cos'),(924,'Albert',2,'Markel Corp Group'),(925,'Cote',23,'Selective Ins Group'),(926,'Reilly',10,'Kemper PC Companies'),(927,'Compton',43,'Selective Ins Group'),(928,'Raymond',64,'CNA Ins Cos'),(929,'Mooney',51,'Selective Ins Group'),(930,'Mcgowan',25,'Cincinnati Ins Cos'),(931,'Craft',35,'Auto Club Group'),(932,'Cleveland',35,'Markel Corp Group'),(933,'Clemons',62,'Markel Corp Group'),(934,'Wynn',19,'Westfield Group'),(935,'Nielsen',7,'MetLife Home Group'),(936,'Baird',17,'CNA Ins Cos'),(937,'Stanton',43,'Sentry Ins Group'),(938,'Snider',40,'QBE Americas Group'),(939,'Rosales',5,'Selective Ins Group'),(940,'Bright',51,'Auto Club Group'),(941,'Witt',34,'MetLife Home Group'),(942,'Stuart',15,'Sentry Ins Group'),(943,'Hays',38,'CNA Ins Cos'),(944,'Holden',26,'Selective Ins Group'),(945,'Rutledge',8,'AXIS US Operations'),(946,'Kinney',60,'MetLife Home Group'),(947,'Clements',58,'Markel Corp Group'),(948,'Castaneda',59,'CNA Ins Cos'),(949,'Slater',63,'Markel Corp Group'),(950,'Hahn',21,'CNA Ins Cos'),(951,'Emerson',16,'Arch Ins Group'),(952,'Conrad',17,'Selective Ins Group'),(953,'Burks',35,'AXIS US Operations'),(954,'Delaney',27,'Kemper PC Companies'),(955,'Pate',27,'CNA Ins Cos'),(956,'Lancaster',57,'CNA Ins Cos'),(957,'Sweet',3,'EMC Ins Cos'),(958,'Justice',45,'AXIS US Operations'),(959,'Tyson',17,'Westfield Group'),(960,'Sharpe',49,'A	Mercury Gen Group'),(961,'Whitfield',40,'A	Mercury Gen Group'),(962,'Talley',14,'CNA Ins Cos'),(963,'Macias',48,'CNA Ins Cos'),(964,'Irwin',38,'Auto Club Group'),(965,'Burris',60,'AXIS US Operations'),(966,'Ratliff',23,'CNA Ins Cos'),(967,'Mccray',19,'Cincinnati Ins Cos'),(968,'Madden',47,'CNA Ins Cos'),(969,'Kaufman',36,'CNA Ins Cos'),(970,'Beach',36,'Kemper PC Companies'),(971,'Goff',55,'Selective Ins Group'),(972,'Cash',45,'CNA Ins Cos'),(973,'Bolton',18,'Selective Ins Group'),(974,'Mcfadden',39,'Cincinnati Ins Cos'),(975,'Levine',56,'Kemper PC Companies'),(976,'Good',51,'Selective Ins Group'),(977,'Byers',25,'Westfield Group'),(978,'Kirkland',19,'MetLife Home Group'),(979,'Kidd',58,'MetLife Home Group'),(980,'Workman',7,'Selective Ins Group'),(981,'Carney',16,'CNA Ins Cos'),(982,'Dale',60,'CNA Ins Cos'),(983,'Mcleod',50,'Cincinnati Ins Cos'),(984,'Holcomb',15,'Selective Ins Group'),(985,'England',4,'QBE Americas Group'),(986,'Finch',7,'MetLife Home Group'),(987,'Head',22,'Kemper PC Companies'),(988,'Burt',64,'AXIS US Operations'),(989,'Hendrix',51,'Kemper PC Companies'),(990,'Sosa',21,'Selective Ins Group'),(991,'Haney',59,'CNA Ins Cos'),(992,'Franks',43,'Auto Club Group'),(993,'Sargent',61,'CNA Ins Cos'),(994,'Nieves',19,'MetLife Home Group'),(995,'Downs',13,'Selective Ins Group'),(996,'Rasmussen',10,'CNA Ins Cos'),(997,'Bird',9,'MetLife Home Group'),(998,'Hewitt',13,'Kemper PC Companies'),(999,'Lindsay',41,'MetLife Home Group'),(1000,'Foreman',65,'Selective Ins Group'),(1001,'Valencia',2,'CNA Ins Cos'),(1002,'Oneil',13,'QBE Americas Group'),(1003,'Delacruz',61,'Kemper PC Companies'),(1004,'Vinson',65,'MetLife Home Group'),(1005,'Dejesus',42,'Kemper PC Companies'),(1006,'Hyde',15,'Westfield Group'),(1007,'Forbes',51,'Selective Ins Group'),(1008,'Gilliam',10,'MetLife Home Group'),(1009,'Guthrie',37,'AXIS US Operations');
/*!40000 ALTER TABLE `CUSTOMERS` ENABLE KEYS */;
UNLOCK TABLES;

--
-- Table structure for table `FOLLOW_UPS`
--

DROP TABLE IF EXISTS `FOLLOW_UPS`;
/*!40101 SET @saved_cs_client     = @@character_set_client */;
/*!40101 SET character_set_client = utf8 */;
CREATE TABLE `FOLLOW_UPS` (
  `ID` int(11) NOT NULL AUTO_INCREMENT,
  `QUOTE_ID` int(11) DEFAULT NULL,
  `ENTRY_DATE` date NOT NULL,
  PRIMARY KEY (`ID`),
  KEY `FK_FOLLOW_UP_QUOTE_ID` (`QUOTE_ID`),
  CONSTRAINT `FK_FOLLOW_UP_QUOTE_ID` FOREIGN KEY (`QUOTE_ID`) REFERENCES `QUOTES` (`ID`)
) ENGINE=InnoDB AUTO_INCREMENT=545 DEFAULT CHARSET=utf8 COLLATE=utf8_unicode_ci;
/*!40101 SET character_set_client = @saved_cs_client */;

--
-- Dumping data for table `FOLLOW_UPS`
--

LOCK TABLES `FOLLOW_UPS` WRITE;
/*!40000 ALTER TABLE `FOLLOW_UPS` DISABLE KEYS */;
INSERT INTO `FOLLOW_UPS` VALUES (2,2,'2016-01-02'),(4,4,'2016-01-04'),(5,5,'2016-01-05'),(6,6,'2016-01-06'),(8,8,'2016-01-08'),(9,9,'2016-01-09'),(11,11,'2016-01-11'),(12,12,'2016-01-12'),(13,13,'2016-01-13'),(14,14,'2016-01-14'),(15,15,'2016-01-15'),(18,18,'2016-01-18'),(19,19,'2016-01-19'),(20,20,'2016-01-20'),(21,21,'2016-01-21'),(22,22,'2016-01-22'),(23,23,'2016-01-23'),(26,26,'2016-01-26'),(27,27,'2016-01-27'),(28,28,'2016-01-28'),(30,30,'2016-01-30'),(31,31,'2016-02-01'),(35,35,'2016-02-05'),(36,36,'2016-02-06'),(37,37,'2016-02-07'),(38,38,'2016-02-08'),(41,41,'2016-02-11'),(42,42,'2016-02-12'),(44,44,'2016-02-14'),(45,45,'2016-02-15'),(47,47,'2016-02-17'),(48,48,'2016-02-18'),(49,49,'2016-02-19'),(50,50,'2016-02-20'),(53,53,'2016-02-23'),(54,54,'2016-02-24'),(55,55,'2016-02-25'),(56,56,'2016-02-26'),(57,57,'2016-02-27'),(58,58,'2016-02-28'),(61,61,'2016-03-01'),(62,62,'2016-03-02'),(63,63,'2016-03-03'),(64,64,'2016-03-04'),(65,65,'2016-03-05'),(67,67,'2016-03-07'),(69,69,'2016-03-09'),(70,70,'2016-03-10'),(71,71,'2016-03-11'),(73,73,'2016-03-13'),(74,74,'2016-03-14'),(75,75,'2016-03-15'),(79,79,'2016-03-19'),(80,80,'2016-03-20'),(81,81,'2016-03-21'),(83,83,'2016-03-23'),(84,84,'2016-03-24'),(86,86,'2016-03-26'),(87,87,'2016-03-27'),(89,89,'2016-03-29'),(90,90,'2016-03-30'),(92,92,'2016-04-02'),(93,93,'2016-04-03'),(94,94,'2016-04-04'),(95,95,'2016-04-05'),(96,96,'2016-04-06'),(97,97,'2016-04-07'),(101,101,'2016-04-11'),(102,102,'2016-04-12'),(103,103,'2016-04-13'),(105,105,'2016-04-15'),(106,106,'2016-04-16'),(107,107,'2016-04-17'),(109,109,'2016-04-19'),(111,111,'2016-04-21'),(114,114,'2016-04-24'),(115,115,'2016-04-25'),(117,117,'2016-04-27'),(118,118,'2016-04-28'),(119,119,'2016-04-29'),(120,120,'2016-04-30'),(122,122,'2016-05-02'),(124,124,'2016-05-04'),(125,125,'2016-05-05'),(126,126,'2016-05-06'),(127,127,'2016-05-07'),(128,128,'2016-05-08'),(129,129,'2016-05-09'),(132,132,'2016-05-12'),(133,133,'2016-05-13'),(134,134,'2016-05-14'),(135,135,'2016-05-15'),(136,136,'2016-05-16'),(137,137,'2016-05-17'),(138,138,'2016-05-18'),(139,139,'2016-05-19'),(141,141,'2016-05-21'),(142,142,'2016-05-22'),(143,143,'2016-05-23'),(144,144,'2016-05-24'),(145,145,'2016-05-25'),(146,146,'2016-05-26'),(147,147,'2016-05-27'),(149,149,'2016-05-29'),(151,151,'2016-06-01'),(152,152,'2016-06-02'),(153,153,'2016-06-03'),(154,154,'2016-06-04'),(155,155,'2016-06-05'),(156,156,'2016-06-06'),(157,157,'2016-06-07'),(159,159,'2016-06-09'),(161,161,'2016-06-11'),(162,162,'2016-06-12'),(163,163,'2016-06-13'),(165,165,'2016-06-15'),(166,166,'2016-06-16'),(167,167,'2016-06-17'),(168,168,'2016-06-18'),(169,169,'2016-06-19'),(171,171,'2016-06-21'),(172,172,'2016-06-22'),(174,174,'2016-06-24'),(175,175,'2016-06-25'),(176,176,'2016-06-26'),(177,177,'2016-06-27'),(179,179,'2016-06-29'),(180,180,'2016-06-30'),(181,181,'2016-07-01'),(182,182,'2016-07-02'),(184,184,'2016-07-04'),(185,185,'2016-07-05'),(186,186,'2016-07-06'),(188,188,'2016-07-08'),(189,189,'2016-07-09'),(190,190,'2016-07-10'),(191,191,'2016-07-11'),(193,193,'2016-07-13'),(194,194,'2016-07-14'),(196,196,'2016-07-16'),(197,197,'2016-07-17'),(198,198,'2016-07-18'),(199,199,'2016-07-19'),(201,201,'2016-07-21'),(203,203,'2016-07-23'),(204,204,'2016-07-24'),(205,205,'2016-07-25'),(208,208,'2016-07-28'),(209,209,'2016-07-29'),(210,210,'2016-07-30'),(211,211,'2016-08-01'),(213,213,'2016-08-03'),(214,214,'2016-08-04'),(215,215,'2016-08-05'),(216,216,'2016-08-06'),(217,217,'2016-08-07'),(218,218,'2016-08-08'),(221,221,'2016-08-11'),(222,222,'2016-08-12'),(223,223,'2016-08-13'),(224,224,'2016-08-14'),(225,225,'2016-08-15'),(226,226,'2016-08-16'),(227,227,'2016-08-17'),(228,228,'2016-08-18'),(229,229,'2016-08-19'),(230,230,'2016-08-20'),(231,231,'2016-08-21'),(232,232,'2016-08-22'),(233,233,'2016-08-23'),(234,234,'2016-08-24'),(235,235,'2016-08-25'),(237,237,'2016-08-27'),(238,238,'2016-08-28'),(239,239,'2016-08-29'),(240,240,'2016-08-30'),(241,241,'2016-09-01'),(242,242,'2016-09-02'),(243,243,'2016-09-03'),(244,244,'2016-09-04'),(246,246,'2016-09-06'),(247,247,'2016-09-07'),(248,248,'2016-09-08'),(249,249,'2016-09-09'),(250,250,'2016-09-10'),(251,251,'2016-09-11'),(252,252,'2016-09-12'),(253,253,'2016-09-13'),(254,254,'2016-09-14'),(255,255,'2016-09-15'),(257,257,'2016-09-17'),(258,258,'2016-09-18'),(259,259,'2016-09-19'),(260,260,'2016-09-20'),(261,261,'2016-09-21'),(262,262,'2016-09-22'),(263,263,'2016-09-23'),(265,265,'2016-09-25'),(266,266,'2016-09-26'),(267,267,'2016-09-27'),(268,268,'2016-09-28'),(269,269,'2016-09-29'),(270,270,'2016-09-30'),(271,271,'2016-10-01'),(273,273,'2016-10-03'),(274,274,'2016-10-04'),(275,275,'2016-10-05'),(276,276,'2016-10-06'),(277,277,'2016-10-07'),(278,278,'2016-10-08'),(279,279,'2016-10-09'),(281,281,'2016-10-11'),(282,282,'2016-10-12'),(283,283,'2016-10-13'),(284,284,'2016-10-14'),(285,285,'2016-10-15'),(286,286,'2016-10-16'),(287,287,'2016-10-17'),(289,289,'2016-10-19'),(290,290,'2016-10-20'),(291,291,'2016-10-21'),(292,292,'2016-10-22'),(293,293,'2016-10-23'),(294,294,'2016-10-24'),(296,296,'2016-10-26'),(297,297,'2016-10-27'),(298,298,'2016-10-28'),(299,299,'2016-10-29'),(300,300,'2016-10-30'),(301,301,'2016-11-01'),(303,303,'2016-11-03'),(304,304,'2016-11-04'),(305,305,'2016-11-05'),(306,306,'2016-11-06'),(307,307,'2016-11-07'),(308,308,'2016-11-08'),(309,309,'2016-11-09'),(311,311,'2016-11-11'),(312,312,'2016-11-12'),(313,313,'2016-11-13'),(314,314,'2016-11-14'),(315,315,'2016-11-15'),(317,317,'2016-11-17'),(318,318,'2016-11-18'),(319,319,'2016-11-19'),(320,320,'2016-11-20'),(321,321,'2016-11-21'),(322,322,'2016-11-22'),(323,323,'2016-11-23'),(324,324,'2016-11-24'),(325,325,'2016-11-25'),(327,327,'2016-11-27'),(328,328,'2016-11-28'),(329,329,'2016-11-29'),(330,330,'2016-11-30'),(332,332,'2016-12-02'),(333,333,'2016-12-03'),(336,336,'2016-12-06'),(337,337,'2016-12-07'),(338,338,'2016-12-08'),(339,339,'2016-12-09'),(340,340,'2016-12-10'),(342,342,'2016-12-12'),(343,343,'2016-12-13'),(344,344,'2016-12-14'),(345,345,'2016-12-15'),(346,346,'2016-12-16'),(347,347,'2016-12-17'),(349,349,'2016-12-19'),(350,350,'2016-12-20'),(353,353,'2016-12-23'),(354,354,'2016-12-24'),(355,355,'2016-12-25'),(357,357,'2016-12-27'),(358,358,'2016-12-28'),(360,360,'2016-12-30'),(362,362,'2017-01-02'),(363,363,'2017-01-03'),(364,364,'2017-01-04'),(365,365,'2017-01-05'),(366,366,'2017-01-06'),(367,367,'2017-01-07'),(370,370,'2017-01-10'),(371,371,'2017-01-11'),(373,373,'2017-01-13'),(374,374,'2017-01-14'),(375,375,'2017-01-15'),(376,376,'2017-01-16'),(378,378,'2017-01-18'),(381,381,'2017-01-21'),(382,382,'2017-01-22'),(383,383,'2017-01-23'),(384,384,'2017-01-24'),(385,385,'2017-01-25'),(387,387,'2017-01-27'),(389,389,'2017-01-29'),(390,390,'2017-01-30'),(391,391,'2017-02-01'),(392,392,'2017-02-02'),(394,394,'2017-02-04'),(395,395,'2017-02-05'),(396,396,'2017-02-06'),(397,397,'2017-02-07'),(398,398,'2017-02-08'),(399,399,'2017-02-09'),(401,401,'2017-02-11'),(402,402,'2017-02-12'),(404,404,'2017-02-14'),(405,405,'2017-02-15'),(407,407,'2017-02-17'),(408,408,'2017-02-18'),(409,409,'2017-02-19'),(410,410,'2017-02-20'),(411,411,'2017-02-21'),(412,412,'2017-02-22'),(414,414,'2017-02-24'),(416,416,'2017-02-26'),(417,417,'2017-02-27'),(418,418,'2017-02-28'),(419,419,'2017-02-28'),(420,420,'2017-02-28'),(421,421,'2017-03-01'),(422,422,'2017-03-02'),(423,423,'2017-03-03'),(424,424,'2017-03-04'),(425,425,'2017-03-05'),(426,426,'2017-03-06'),(428,428,'2017-03-08'),(430,430,'2017-03-10'),(431,431,'2017-03-11'),(432,432,'2017-03-12'),(433,433,'2017-03-13'),(435,435,'2017-03-15'),(437,437,'2017-03-17'),(438,438,'2017-03-18'),(440,440,'2017-03-20'),(441,441,'2017-03-21'),(442,442,'2017-03-22'),(444,444,'2017-03-24'),(445,445,'2017-03-25'),(446,446,'2017-03-26'),(447,447,'2017-03-27'),(448,448,'2017-03-28'),(451,451,'2017-04-01'),(452,452,'2017-04-02'),(453,453,'2017-04-03'),(454,454,'2017-04-04'),(455,455,'2017-04-05'),(456,456,'2017-04-06'),(457,457,'2017-04-07'),(459,459,'2017-04-09'),(460,460,'2017-04-10'),(461,461,'2017-04-11'),(462,462,'2017-04-12'),(463,463,'2017-04-13'),(464,464,'2017-04-14'),(465,465,'2017-04-15'),(467,467,'2017-04-17'),(469,469,'2017-04-19'),(471,471,'2017-04-21'),(472,472,'2017-04-22'),(473,473,'2017-04-23'),(474,474,'2017-04-24'),(475,475,'2017-04-25'),(476,476,'2017-04-26'),(478,478,'2017-04-28'),(479,479,'2017-04-29'),(480,480,'2017-04-30'),(481,481,'2017-05-01'),(482,482,'2017-05-02'),(483,483,'2017-05-03'),(484,484,'2017-05-04'),(486,486,'2017-05-06'),(488,488,'2017-05-08'),(489,489,'2017-05-09'),(490,490,'2017-05-10'),(491,491,'2017-05-11'),(492,492,'2017-05-12'),(494,494,'2017-05-14'),(496,496,'2017-05-16'),(497,497,'2017-05-17'),(499,499,'2017-05-19'),(500,500,'2017-05-20'),(501,501,'2017-05-21'),(503,503,'2017-05-23'),(504,504,'2017-05-24'),(505,505,'2017-05-25'),(506,506,'2017-05-26'),(507,507,'2017-05-27'),(509,509,'2017-05-29'),(511,511,'2017-06-01'),(512,512,'2017-06-02'),(513,513,'2017-06-03'),(514,514,'2017-06-04'),(515,515,'2017-06-05'),(516,516,'2017-06-06'),(520,520,'2017-06-10'),(521,521,'2017-06-11'),(522,522,'2017-06-12'),(523,523,'2017-06-13'),(524,524,'2017-06-14'),(525,525,'2017-06-15'),(528,528,'2017-06-18'),(529,529,'2017-06-19'),(531,531,'2017-06-21'),(533,533,'2017-06-23'),(534,534,'2017-06-24'),(535,535,'2017-06-25'),(536,536,'2017-06-26'),(537,537,'2017-06-27'),(538,538,'2017-06-28'),(539,539,'2017-06-29'),(540,540,'2017-07-01'),(541,542,'2017-07-01'),(542,543,'2017-07-04'),(543,544,'2017-07-05'),(544,545,'2017-07-07');
/*!40000 ALTER TABLE `FOLLOW_UPS` ENABLE KEYS */;
UNLOCK TABLES;

--
-- Table structure for table `LEADS`
--

DROP TABLE IF EXISTS `LEADS`;
/*!40101 SET @saved_cs_client     = @@character_set_client */;
/*!40101 SET character_set_client = utf8 */;
CREATE TABLE `LEADS` (
  `ID` int(11) NOT NULL AUTO_INCREMENT,
  `CUSTOMER_ID` int(11) DEFAULT NULL,
  `ENTRY_DATE` date NOT NULL,
  PRIMARY KEY (`ID`),
  KEY `FK_LEAD_CUSTOMER_ID` (`CUSTOMER_ID`),
  CONSTRAINT `FK_LEAD_CUSTOMER_ID` FOREIGN KEY (`CUSTOMER_ID`) REFERENCES `CUSTOMERS` (`ID`)
) ENGINE=InnoDB AUTO_INCREMENT=551 DEFAULT CHARSET=utf8 COLLATE=utf8_unicode_ci;
/*!40101 SET character_set_client = @saved_cs_client */;

--
-- Dumping data for table `LEADS`
--

LOCK TABLES `LEADS` WRITE;
/*!40000 ALTER TABLE `LEADS` DISABLE KEYS */;
INSERT INTO `LEADS` VALUES (2,2,'2016-01-02'),(3,3,'2016-01-03'),(4,4,'2016-01-04'),(5,5,'2016-01-05'),(6,6,'2016-01-06'),(7,7,'2016-01-07'),(8,8,'2016-01-08'),(9,9,'2016-01-09'),(10,10,'2016-01-10'),(11,11,'2016-01-11'),(12,12,'2016-01-12'),(13,13,'2016-01-13'),(14,14,'2016-01-14'),(15,15,'2016-01-15'),(16,16,'2016-01-16'),(17,17,'2016-01-17'),(18,18,'2016-01-18'),(19,19,'2016-01-19'),(20,20,'2016-01-20'),(21,21,'2016-01-21'),(22,22,'2016-01-22'),(23,23,'2016-01-23'),(24,24,'2016-01-24'),(25,25,'2016-01-25'),(26,26,'2016-01-26'),(27,27,'2016-01-27'),(28,28,'2016-01-28'),(29,29,'2016-01-29'),(30,30,'2016-01-30'),(31,31,'2016-02-01'),(32,32,'2016-02-02'),(33,33,'2016-02-03'),(34,34,'2016-02-04'),(35,35,'2016-02-05'),(36,36,'2016-02-06'),(37,37,'2016-02-07'),(38,38,'2016-02-08'),(39,39,'2016-02-09'),(40,40,'2016-02-10'),(41,41,'2016-02-11'),(42,42,'2016-02-12'),(43,43,'2016-02-13'),(44,44,'2016-02-14'),(45,45,'2016-02-15'),(46,46,'2016-02-16'),(47,47,'2016-02-17'),(48,48,'2016-02-18'),(49,49,'2016-02-19'),(50,50,'2016-02-20'),(51,51,'2016-02-21'),(52,52,'2016-02-22'),(53,53,'2016-02-23'),(54,54,'2016-02-24'),(55,55,'2016-02-25'),(56,56,'2016-02-26'),(57,57,'2016-02-27'),(58,58,'2016-02-28'),(59,59,'2016-02-28'),(60,60,'2016-02-28'),(61,61,'2016-03-01'),(62,62,'2016-03-02'),(63,63,'2016-03-03'),(64,64,'2016-03-04'),(65,65,'2016-03-05'),(66,66,'2016-03-06'),(67,67,'2016-03-07'),(68,68,'2016-03-08'),(69,69,'2016-03-09'),(70,70,'2016-03-10'),(71,71,'2016-03-11'),(72,72,'2016-03-12'),(73,73,'2016-03-13'),(74,74,'2016-03-14'),(75,75,'2016-03-15'),(76,76,'2016-03-16'),(77,77,'2016-03-17'),(78,78,'2016-03-18'),(79,79,'2016-03-19'),(80,80,'2016-03-20'),(81,81,'2016-03-21'),(82,82,'2016-03-22'),(83,83,'2016-03-23'),(84,84,'2016-03-24'),(85,85,'2016-03-25'),(86,86,'2016-03-26'),(87,87,'2016-03-27'),(88,88,'2016-03-28'),(89,89,'2016-03-29'),(90,90,'2016-03-30'),(91,91,'2016-04-01'),(92,92,'2016-04-02'),(93,93,'2016-04-03'),(94,94,'2016-04-04'),(95,95,'2016-04-05'),(96,96,'2016-04-06'),(97,97,'2016-04-07'),(98,98,'2016-04-08'),(99,99,'2016-04-09'),(100,100,'2016-04-10'),(101,101,'2016-04-11'),(102,102,'2016-04-12'),(103,103,'2016-04-13'),(104,104,'2016-04-14'),(105,105,'2016-04-15'),(106,106,'2016-04-16'),(107,107,'2016-04-17'),(108,108,'2016-04-18'),(109,109,'2016-04-19'),(110,110,'2016-04-20'),(111,111,'2016-04-21'),(112,112,'2016-04-22'),(113,113,'2016-04-23'),(114,114,'2016-04-24'),(115,115,'2016-04-25'),(116,116,'2016-04-26'),(117,117,'2016-04-27'),(118,118,'2016-04-28'),(119,119,'2016-04-29'),(120,120,'2016-04-30'),(121,121,'2016-05-01'),(122,122,'2016-05-02'),(123,123,'2016-05-03'),(124,124,'2016-05-04'),(125,125,'2016-05-05'),(126,126,'2016-05-06'),(127,127,'2016-05-07'),(128,128,'2016-05-08'),(129,129,'2016-05-09'),(130,130,'2016-05-10'),(131,131,'2016-05-11'),(132,132,'2016-05-12'),(133,133,'2016-05-13'),(134,134,'2016-05-14'),(135,135,'2016-05-15'),(136,136,'2016-05-16'),(137,137,'2016-05-17'),(138,138,'2016-05-18'),(139,139,'2016-05-19'),(140,140,'2016-05-20'),(141,141,'2016-05-21'),(142,142,'2016-05-22'),(143,143,'2016-05-23'),(144,144,'2016-05-24'),(145,145,'2016-05-25'),(146,146,'2016-05-26'),(147,147,'2016-05-27'),(148,148,'2016-05-28'),(149,149,'2016-05-29'),(150,150,'2016-05-30'),(151,151,'2016-06-01'),(152,152,'2016-06-02'),(153,153,'2016-06-03'),(154,154,'2016-06-04'),(155,155,'2016-06-05'),(156,156,'2016-06-06'),(157,157,'2016-06-07'),(158,158,'2016-06-08'),(159,159,'2016-06-09'),(160,160,'2016-06-10'),(161,161,'2016-06-11'),(162,162,'2016-06-12'),(163,163,'2016-06-13'),(164,164,'2016-06-14'),(165,165,'2016-06-15'),(166,166,'2016-06-16'),(167,167,'2016-06-17'),(168,168,'2016-06-18'),(169,169,'2016-06-19'),(170,170,'2016-06-20'),(171,171,'2016-06-21'),(172,172,'2016-06-22'),(173,173,'2016-06-23'),(174,174,'2016-06-24'),(175,175,'2016-06-25'),(176,176,'2016-06-26'),(177,177,'2016-06-27'),(178,178,'2016-06-28'),(179,179,'2016-06-29'),(180,180,'2016-06-30'),(181,181,'2016-07-01'),(182,182,'2016-07-02'),(183,183,'2016-07-03'),(184,184,'2016-07-04'),(185,185,'2016-07-05'),(186,186,'2016-07-06'),(187,187,'2016-07-07'),(188,188,'2016-07-08'),(189,189,'2016-07-09'),(190,190,'2016-07-10'),(191,191,'2016-07-11'),(192,192,'2016-07-12'),(193,193,'2016-07-13'),(194,194,'2016-07-14'),(195,195,'2016-07-15'),(196,196,'2016-07-16'),(197,197,'2016-07-17'),(198,198,'2016-07-18'),(199,199,'2016-07-19'),(200,200,'2016-07-20'),(201,201,'2016-07-21'),(202,202,'2016-07-22'),(203,203,'2016-07-23'),(204,204,'2016-07-24'),(205,205,'2016-07-25'),(206,206,'2016-07-26'),(207,207,'2016-07-27'),(208,208,'2016-07-28'),(209,209,'2016-07-29'),(210,210,'2016-07-30'),(211,211,'2016-08-01'),(212,212,'2016-08-02'),(213,213,'2016-08-03'),(214,214,'2016-08-04'),(215,215,'2016-08-05'),(216,216,'2016-08-06'),(217,217,'2016-08-07'),(218,218,'2016-08-08'),(219,219,'2016-08-09'),(220,220,'2016-08-10'),(221,221,'2016-08-11'),(222,222,'2016-08-12'),(223,223,'2016-08-13'),(224,224,'2016-08-14'),(225,225,'2016-08-15'),(226,226,'2016-08-16'),(227,227,'2016-08-17'),(228,228,'2016-08-18'),(229,229,'2016-08-19'),(230,230,'2016-08-20'),(231,231,'2016-08-21'),(232,232,'2016-08-22'),(233,233,'2016-08-23'),(234,234,'2016-08-24'),(235,235,'2016-08-25'),(236,236,'2016-08-26'),(237,237,'2016-08-27'),(238,238,'2016-08-28'),(239,239,'2016-08-29'),(240,240,'2016-08-30'),(241,241,'2016-09-01'),(242,242,'2016-09-02'),(243,243,'2016-09-03'),(244,244,'2016-09-04'),(245,245,'2016-09-05'),(246,246,'2016-09-06'),(247,247,'2016-09-07'),(248,248,'2016-09-08'),(249,249,'2016-09-09'),(250,250,'2016-09-10'),(251,251,'2016-09-11'),(252,252,'2016-09-12'),(253,253,'2016-09-13'),(254,254,'2016-09-14'),(255,255,'2016-09-15'),(256,256,'2016-09-16'),(257,257,'2016-09-17'),(258,258,'2016-09-18'),(259,259,'2016-09-19'),(260,260,'2016-09-20'),(261,261,'2016-09-21'),(262,262,'2016-09-22'),(263,263,'2016-09-23'),(264,264,'2016-09-24'),(265,265,'2016-09-25'),(266,266,'2016-09-26'),(267,267,'2016-09-27'),(268,268,'2016-09-28'),(269,269,'2016-09-29'),(270,270,'2016-09-30'),(271,271,'2016-10-01'),(272,272,'2016-10-02'),(273,273,'2016-10-03'),(274,274,'2016-10-04'),(275,275,'2016-10-05'),(276,276,'2016-10-06'),(277,277,'2016-10-07'),(278,278,'2016-10-08'),(279,279,'2016-10-09'),(280,280,'2016-10-10'),(281,281,'2016-10-11'),(282,282,'2016-10-12'),(283,283,'2016-10-13'),(284,284,'2016-10-14'),(285,285,'2016-10-15'),(286,286,'2016-10-16'),(287,287,'2016-10-17'),(288,288,'2016-10-18'),(289,289,'2016-10-19'),(290,290,'2016-10-20'),(291,291,'2016-10-21'),(292,292,'2016-10-22'),(293,293,'2016-10-23'),(294,294,'2016-10-24'),(295,295,'2016-10-25'),(296,296,'2016-10-26'),(297,297,'2016-10-27'),(298,298,'2016-10-28'),(299,299,'2016-10-29'),(300,300,'2016-10-30'),(301,301,'2016-11-01'),(302,302,'2016-11-02'),(303,303,'2016-11-03'),(304,304,'2016-11-04'),(305,305,'2016-11-05'),(306,306,'2016-11-06'),(307,307,'2016-11-07'),(308,308,'2016-11-08'),(309,309,'2016-11-09'),(310,310,'2016-11-10'),(311,311,'2016-11-11'),(312,312,'2016-11-12'),(313,313,'2016-11-13'),(314,314,'2016-11-14'),(315,315,'2016-11-15'),(316,316,'2016-11-16'),(317,317,'2016-11-17'),(318,318,'2016-11-18'),(319,319,'2016-11-19'),(320,320,'2016-11-20'),(321,321,'2016-11-21'),(322,322,'2016-11-22'),(323,323,'2016-11-23'),(324,324,'2016-11-24'),(325,325,'2016-11-25'),(326,326,'2016-11-26'),(327,327,'2016-11-27'),(328,328,'2016-11-28'),(329,329,'2016-11-29'),(330,330,'2016-11-30'),(331,331,'2016-12-01'),(332,332,'2016-12-02'),(333,333,'2016-12-03'),(334,334,'2016-12-04'),(335,335,'2016-12-05'),(336,336,'2016-12-06'),(337,337,'2016-12-07'),(338,338,'2016-12-08'),(339,339,'2016-12-09'),(340,340,'2016-12-10'),(341,341,'2016-12-11'),(342,342,'2016-12-12'),(343,343,'2016-12-13'),(344,344,'2016-12-14'),(345,345,'2016-12-15'),(346,346,'2016-12-16'),(347,347,'2016-12-17'),(348,348,'2016-12-18'),(349,349,'2016-12-19'),(350,350,'2016-12-20'),(351,351,'2016-12-21'),(352,352,'2016-12-22'),(353,353,'2016-12-23'),(354,354,'2016-12-24'),(355,355,'2016-12-25'),(356,356,'2016-12-26'),(357,357,'2016-12-27'),(358,358,'2016-12-28'),(359,359,'2016-12-29'),(360,360,'2016-12-30'),(361,361,'2017-01-01'),(362,362,'2017-01-02'),(363,363,'2017-01-03'),(364,364,'2017-01-04'),(365,365,'2017-01-05'),(366,366,'2017-01-06'),(367,367,'2017-01-07'),(368,368,'2017-01-08'),(369,369,'2017-01-09'),(370,370,'2017-01-10'),(371,371,'2017-01-11'),(372,372,'2017-01-12'),(373,373,'2017-01-13'),(374,374,'2017-01-14'),(375,375,'2017-01-15'),(376,376,'2017-01-16'),(377,377,'2017-01-17'),(378,378,'2017-01-18'),(379,379,'2017-01-19'),(380,380,'2017-01-20'),(381,381,'2017-01-21'),(382,382,'2017-01-22'),(383,383,'2017-01-23'),(384,384,'2017-01-24'),(385,385,'2017-01-25'),(386,386,'2017-01-26'),(387,387,'2017-01-27'),(388,388,'2017-01-28'),(389,389,'2017-01-29'),(390,390,'2017-01-30'),(391,391,'2017-02-01'),(392,392,'2017-02-02'),(393,393,'2017-02-03'),(394,394,'2017-02-04'),(395,395,'2017-02-05'),(396,396,'2017-02-06'),(397,397,'2017-02-07'),(398,398,'2017-02-08'),(399,399,'2017-02-09'),(400,400,'2017-02-10'),(401,401,'2017-02-11'),(402,402,'2017-02-12'),(403,403,'2017-02-13'),(404,404,'2017-02-14'),(405,405,'2017-02-15'),(406,406,'2017-02-16'),(407,407,'2017-02-17'),(408,408,'2017-02-18'),(409,409,'2017-02-19'),(410,410,'2017-02-20'),(411,411,'2017-02-21'),(412,412,'2017-02-22'),(413,413,'2017-02-23'),(414,414,'2017-02-24'),(415,415,'2017-02-25'),(416,416,'2017-02-26'),(417,417,'2017-02-27'),(418,418,'2017-02-28'),(419,419,'2017-02-28'),(420,420,'2017-02-28'),(421,421,'2017-03-01'),(422,422,'2017-03-02'),(423,423,'2017-03-03'),(424,424,'2017-03-04'),(425,425,'2017-03-05'),(426,426,'2017-03-06'),(427,427,'2017-03-07'),(428,428,'2017-03-08'),(429,429,'2017-03-09'),(430,430,'2017-03-10'),(431,431,'2017-03-11'),(432,432,'2017-03-12'),(433,433,'2017-03-13'),(434,434,'2017-03-14'),(435,435,'2017-03-15'),(436,436,'2017-03-16'),(437,437,'2017-03-17'),(438,438,'2017-03-18'),(439,439,'2017-03-19'),(440,440,'2017-03-20'),(441,441,'2017-03-21'),(442,442,'2017-03-22'),(443,443,'2017-03-23'),(444,444,'2017-03-24'),(445,445,'2017-03-25'),(446,446,'2017-03-26'),(447,447,'2017-03-27'),(448,448,'2017-03-28'),(449,449,'2017-03-29'),(450,450,'2017-03-30'),(451,451,'2017-04-01'),(452,452,'2017-04-02'),(453,453,'2017-04-03'),(454,454,'2017-04-04'),(455,455,'2017-04-05'),(456,456,'2017-04-06'),(457,457,'2017-04-07'),(458,458,'2017-04-08'),(459,459,'2017-04-09'),(460,460,'2017-04-10'),(461,461,'2017-04-11'),(462,462,'2017-04-12'),(463,463,'2017-04-13'),(464,464,'2017-04-14'),(465,465,'2017-04-15'),(466,466,'2017-04-16'),(467,467,'2017-04-17'),(468,468,'2017-04-18'),(469,469,'2017-04-19'),(470,470,'2017-04-20'),(471,471,'2017-04-21'),(472,472,'2017-04-22'),(473,473,'2017-04-23'),(474,474,'2017-04-24'),(475,475,'2017-04-25'),(476,476,'2017-04-26'),(477,477,'2017-04-27'),(478,478,'2017-04-28'),(479,479,'2017-04-29'),(480,480,'2017-04-30'),(481,481,'2017-05-01'),(482,482,'2017-05-02'),(483,483,'2017-05-03'),(484,484,'2017-05-04'),(485,485,'2017-05-05'),(486,486,'2017-05-06'),(487,487,'2017-05-07'),(488,488,'2017-05-08'),(489,489,'2017-05-09'),(490,490,'2017-05-10'),(491,491,'2017-05-11'),(492,492,'2017-05-12'),(493,493,'2017-05-13'),(494,494,'2017-05-14'),(495,495,'2017-05-15'),(496,496,'2017-05-16'),(497,497,'2017-05-17'),(498,498,'2017-05-18'),(499,499,'2017-05-19'),(500,500,'2017-05-20'),(501,501,'2017-05-21'),(502,502,'2017-05-22'),(503,503,'2017-05-23'),(504,504,'2017-05-24'),(505,505,'2017-05-25'),(506,506,'2017-05-26'),(507,507,'2017-05-27'),(508,508,'2017-05-28'),(509,509,'2017-05-29'),(510,510,'2017-05-30'),(511,511,'2017-06-01'),(512,512,'2017-06-02'),(513,513,'2017-06-03'),(514,514,'2017-06-04'),(515,515,'2017-06-05'),(516,516,'2017-06-06'),(517,517,'2017-06-07'),(518,518,'2017-06-08'),(519,519,'2017-06-09'),(520,520,'2017-06-10'),(521,521,'2017-06-11'),(522,522,'2017-06-12'),(523,523,'2017-06-13'),(524,524,'2017-06-14'),(525,525,'2017-06-15'),(526,526,'2017-06-16'),(527,527,'2017-06-17'),(528,528,'2017-06-18'),(529,529,'2017-06-19'),(530,530,'2017-06-20'),(531,531,'2017-06-21'),(532,532,'2017-06-22'),(533,533,'2017-06-23'),(534,534,'2017-06-24'),(535,535,'2017-06-25'),(536,536,'2017-06-26'),(537,537,'2017-06-27'),(538,538,'2017-06-28'),(539,539,'2017-06-29'),(540,540,'2017-06-30'),(541,541,'2017-07-01'),(542,542,'2017-07-02'),(543,543,'2017-07-03'),(544,544,'2017-07-04'),(545,545,'2017-07-05'),(546,546,'2017-07-06'),(547,547,'2017-07-07'),(548,548,'2017-07-08'),(549,549,'2017-07-09'),(550,550,'2017-07-10');
/*!40000 ALTER TABLE `LEADS` ENABLE KEYS */;
UNLOCK TABLES;

--
-- Table structure for table `PRODUCTS`
--

DROP TABLE IF EXISTS `PRODUCTS`;
/*!40101 SET @saved_cs_client     = @@character_set_client */;
/*!40101 SET character_set_client = utf8 */;
CREATE TABLE `PRODUCTS` (
  `ID` int(11) NOT NULL AUTO_INCREMENT,
  `NAME` varchar(40) COLLATE utf8_unicode_ci NOT NULL,
  PRIMARY KEY (`ID`)
) ENGINE=InnoDB AUTO_INCREMENT=12 DEFAULT CHARSET=utf8 COLLATE=utf8_unicode_ci;
/*!40101 SET character_set_client = @saved_cs_client */;

--
-- Dumping data for table `PRODUCTS`
--

LOCK TABLES `PRODUCTS` WRITE;
/*!40000 ALTER TABLE `PRODUCTS` DISABLE KEYS */;
INSERT INTO `PRODUCTS` VALUES (1,'General Insurance'),(2,'Health Secure'),(3,'Car Insurance'),(4,'Life insurance'),(5,'Travel Insurance'),(6,'Aviation Insurance'),(7,'Mortgage insurance'),(8,'Livestock insurance'),(9,'Home insurance'),(10,'Longevity Bonds'),(11,'Fidelity Bonds');
/*!40000 ALTER TABLE `PRODUCTS` ENABLE KEYS */;
UNLOCK TABLES;

--
-- Table structure for table `QUOTES`
--

DROP TABLE IF EXISTS `QUOTES`;
/*!40101 SET @saved_cs_client     = @@character_set_client */;
/*!40101 SET character_set_client = utf8 */;
CREATE TABLE `QUOTES` (
  `ID` int(11) NOT NULL AUTO_INCREMENT,
  `ENTRY_DATE` date DEFAULT NULL,
  `REP_ID` int(11) DEFAULT NULL,
  `ESTIMATED_SALE` int(11) DEFAULT NULL,
  `CUSTOMER_ID` int(11) DEFAULT NULL,
  `QUOTE_STATUS_REF` int(11) DEFAULT NULL,
  `EXPECTED_CLOSE_DATE` date DEFAULT NULL,
  `IS_SALES_CONVERTED` bit(1) DEFAULT NULL,
  `PRODUCT_ID` int(11) DEFAULT NULL,
  PRIMARY KEY (`ID`),
  KEY `FK_QUOTES_REP_ID` (`REP_ID`),
  KEY `FK_QUOTES_TO_CUSTOMERS_CCDTuz` (`CUSTOMER_ID`),
  KEY `FK_QUOTES_TO_QUOTE_STATUAPV0R` (`QUOTE_STATUS_REF`),
  KEY `FK_QUOTES_TO_PRODUCTS_PRIU0WD` (`PRODUCT_ID`),
  CONSTRAINT `FK_QUOTES_REP_ID` FOREIGN KEY (`REP_ID`) REFERENCES `REPS` (`ID`),
  CONSTRAINT `FK_QUOTES_TO_CUSTOMERS_CCDTuz` FOREIGN KEY (`CUSTOMER_ID`) REFERENCES `CUSTOMERS` (`ID`),
  CONSTRAINT `FK_QUOTES_TO_PRODUCTS_PRIU0WD` FOREIGN KEY (`PRODUCT_ID`) REFERENCES `PRODUCTS` (`ID`),
  CONSTRAINT `FK_QUOTES_TO_QUOTE_STATUAPV0R` FOREIGN KEY (`QUOTE_STATUS_REF`) REFERENCES `QUOTE_STATUS` (`ID`)
) ENGINE=InnoDB AUTO_INCREMENT=557 DEFAULT CHARSET=utf8 COLLATE=utf8_unicode_ci;
/*!40101 SET character_set_client = @saved_cs_client */;

--
-- Dumping data for table `QUOTES`
--

LOCK TABLES `QUOTES` WRITE;
/*!40000 ALTER TABLE `QUOTES` DISABLE KEYS */;
INSERT INTO `QUOTES` VALUES (2,'2020-01-02',21,20000,2,6,'2020-01-02',NULL,2),(3,'2020-01-03',3,15000,3,6,'2020-01-03',NULL,3),(4,'2020-01-04',4,25000,4,6,'2020-01-04',NULL,4),(5,'2020-01-05',15,5000,5,6,'2020-01-05',NULL,5),(6,'2020-01-06',6,10000,6,6,'2020-01-06',NULL,6),(8,'2020-01-08',8,8000,8,6,'2020-01-08',NULL,11),(9,'2023-10-30',9,9600,9,6,'2020-01-09',NULL,3),(10,'2020-01-10',10,700,10,6,'2020-01-10',NULL,8),(11,'2020-01-11',15,7300,11,1,'2020-01-11',NULL,5),(12,'2020-01-12',12,2200,12,6,'2020-01-12',NULL,8),(13,'2020-01-13',13,4000,13,6,'2020-01-13',NULL,1),(14,'2020-01-14',14,5700,14,6,'2020-01-14',NULL,5),(15,'2020-01-15',15,8800,15,6,'2020-01-15',NULL,1),(17,'2020-01-17',17,9000,17,6,'2020-01-17',NULL,6),(18,'2020-01-18',18,100,18,6,'2020-01-18',NULL,6),(19,'2020-01-19',19,300,19,6,'2020-01-19',NULL,9),(20,'2020-01-20',20,5900,20,6,'2020-01-20',NULL,8),(21,'2020-01-21',21,8500,21,6,'2020-01-21',NULL,9),(22,'2020-01-22',22,9200,22,6,'2020-01-22',NULL,1),(23,'2020-01-23',23,8300,23,6,'2020-01-23',NULL,3),(25,'2020-01-25',25,5400,25,6,'2020-01-25',NULL,2),(26,'2020-01-26',26,221,26,1,'2020-01-26',NULL,1),(27,'2020-01-27',27,214,27,3,'2020-01-27',NULL,NULL),(28,'2020-01-28',28,409,28,4,'2020-01-28',NULL,NULL),(29,'2020-01-29',29,3900,29,6,'2020-01-29',NULL,4),(30,'2020-01-30',30,6500,30,6,'2020-01-30',NULL,5),(31,'2020-02-01',2,9000,31,6,'2020-02-01',NULL,2),(33,'2020-02-03',22,5200,33,6,'2020-02-03',NULL,10),(34,'2020-02-04',24,7400,34,6,'2020-02-04',NULL,3),(35,'2020-02-05',17,3800,35,6,'2020-02-05',NULL,6),(36,'2020-02-06',26,5000,36,6,'2020-02-06',NULL,2),(37,'2020-02-07',15,800,37,6,'2020-02-07',NULL,2),(38,'2020-02-08',9,200,38,6,'2020-02-08',NULL,3),(40,'2020-02-10',4,4000,40,6,'2020-02-10',NULL,6),(41,'2020-02-11',17,500,41,6,'2020-02-11',NULL,8),(42,'2020-02-12',2,4000,42,6,'2020-02-12',NULL,9),(43,'2020-02-13',30,900,43,6,'2020-02-13',NULL,5),(44,'2020-02-14',12,1200,44,6,'2020-02-14',NULL,1),(45,'2020-02-15',6,4500,45,6,'2020-02-15',NULL,10),(47,'2020-02-17',3,100,47,6,'2020-02-17',NULL,7),(48,'2020-02-18',15,3600,48,6,'2020-02-18',NULL,8),(49,'2020-02-19',22,8400,49,6,'2020-02-19',NULL,1),(50,'2020-02-20',8,7700,50,6,'2020-02-20',NULL,2),(51,'2020-02-21',26,9400,51,6,'2020-02-21',NULL,5),(53,'2020-02-23',4,402,53,6,'2020-02-23',NULL,NULL),(54,'2020-02-24',2,785,54,6,'2020-02-24',NULL,NULL),(55,'2020-02-25',29,719,55,1,'2020-02-25',NULL,NULL),(56,'2020-02-26',15,242,56,2,'2020-02-26',NULL,NULL),(57,'2020-02-27',22,54,57,3,'2020-02-27',NULL,NULL),(58,'2020-02-28',8,542,58,4,'2020-02-28',NULL,NULL),(60,'2020-02-28',10,2700,60,6,'2020-02-28',NULL,3),(61,'2020-03-01',4,7100,61,6,'2020-03-01',NULL,7),(62,'2020-03-02',15,100,62,6,'2020-03-02',NULL,3),(63,'2020-03-03',23,8300,63,6,'2020-03-03',NULL,1),(64,'2020-03-04',3,5900,64,6,'2020-03-04',NULL,8),(65,'2020-03-05',25,8400,65,6,'2020-03-05',NULL,2),(66,'2020-03-06',30,6300,66,6,'2020-03-06',NULL,9),(67,'2020-03-07',24,3800,67,6,'2020-03-07',NULL,7),(69,'2020-03-09',21,3000,69,6,'2020-03-09',NULL,6),(70,'2020-03-10',28,1600,70,6,'2020-03-10',NULL,9),(71,'2020-03-11',6,3100,71,6,'2020-03-11',NULL,4),(73,'2020-03-13',21,5300,73,6,'2020-03-13',NULL,4),(74,'2020-03-14',19,700,74,6,'2020-03-14',NULL,3),(75,'2020-03-15',25,6600,75,6,'2020-03-15',NULL,5),(77,'2020-03-17',15,7700,77,6,'2020-03-17',NULL,11),(78,'2020-03-18',28,2000,78,6,'2020-03-18',NULL,3),(79,'2020-03-19',15,8200,79,1,'2020-03-19',NULL,3),(80,'2020-03-20',15,9000,80,6,'2020-03-20',NULL,3),(81,'2020-03-21',25,7100,81,6,'2020-03-21',NULL,6),(83,'2020-03-23',15,5000,83,1,'2020-03-23',NULL,4),(84,'2020-03-24',23,8100,84,6,'2020-03-24',NULL,3),(85,'2020-03-25',8,8300,85,6,'2020-03-25',NULL,5),(86,'2020-03-26',28,5000,86,6,'2020-03-26',NULL,5),(87,'2020-03-27',22,10000,87,6,'2020-03-27',NULL,6),(89,'2020-03-29',2,2100,89,6,'2020-03-29',NULL,1),(90,'2020-03-30',17,6400,90,6,'2020-03-30',NULL,1),(91,'2020-04-01',7,1800,91,6,'2020-04-01',NULL,8),(92,'2020-04-02',18,7800,92,6,'2020-04-02',NULL,7),(93,'2020-04-03',28,1300,93,6,'2020-04-03',NULL,2),(94,'2020-04-04',2,3800,94,6,'2020-04-04',NULL,9),(95,'2020-04-05',10,1100,95,6,'2020-04-05',NULL,5),(96,'2020-04-06',4,5800,96,6,'2020-04-06',NULL,9),(97,'2020-04-07',10,700,97,6,'2020-04-07',NULL,9),(101,'2020-04-11',14,4400,101,6,'2020-04-11',NULL,9),(102,'2020-04-12',15,4300,102,1,'2020-04-12',NULL,10),(103,'2020-04-13',19,2400,103,6,'2020-04-13',NULL,1),(105,'2020-04-15',6,3200,105,6,'2020-04-15',NULL,7),(106,'2020-04-16',8,1400,106,6,'2020-04-16',NULL,6),(107,'2020-04-17',13,7700,107,6,'2020-04-17',NULL,8),(108,'2020-04-18',30,549,108,4,'2020-04-18',NULL,NULL),(109,'2020-04-19',5,4000,109,6,'2020-04-19',NULL,1),(111,'2020-04-21',20,119,111,2,'2020-04-21',NULL,NULL),(112,'2020-04-22',3,949,112,3,'2020-04-22',NULL,NULL),(113,'2020-04-23',27,391,113,4,'2020-04-23',NULL,NULL),(114,'2020-04-24',25,106,114,5,'2020-04-24',NULL,NULL),(115,'2020-04-25',17,356,115,1,'2020-04-25',NULL,NULL),(117,'2020-04-27',27,465,117,3,'2020-04-27',NULL,NULL),(118,'2020-04-28',8,255,118,6,'2020-04-28',NULL,NULL),(119,'2020-04-29',7,882,119,5,'2020-04-29',NULL,NULL),(120,'2020-04-30',17,647,120,1,'2020-04-30',NULL,NULL),(122,'2020-05-02',13,589,122,3,'2020-05-02',NULL,NULL),(123,'2020-05-03',3,9500,123,6,'2020-05-03',NULL,5),(124,'2020-05-04',23,3300,124,6,'2020-05-04',NULL,6),(125,'2020-05-05',28,5000,125,6,'2020-05-05',NULL,6),(126,'2020-05-06',7,8100,126,6,'2020-05-06',NULL,3),(127,'2020-05-07',6,6100,127,6,'2020-05-07',NULL,7),(128,'2020-05-08',9,9100,128,6,'2020-05-08',NULL,1),(129,'2020-05-09',19,1900,129,6,'2020-05-09',NULL,5),(131,'2020-05-11',18,9300,131,6,'2020-05-11',NULL,5),(132,'2020-05-12',17,1400,132,6,'2020-05-12',NULL,9),(133,'2020-05-13',30,600,133,6,'2020-05-13',NULL,9),(134,'2020-05-14',17,100,134,6,'2020-05-14',NULL,9),(135,'2020-05-15',9,8900,135,6,'2020-05-15',NULL,7),(136,'2020-05-16',4,7200,136,6,'2020-05-16',NULL,9),(137,'2020-05-17',7,3700,137,6,'2020-05-17',NULL,6),(138,'2020-05-18',13,9700,138,6,'2020-05-18',NULL,9),(139,'2020-05-19',14,200,139,6,'2020-05-19',NULL,10),(141,'2020-05-21',10,9900,141,6,'2020-05-21',NULL,2),(142,'2020-05-22',10,200,142,6,'2020-05-22',NULL,1),(143,'2020-05-23',10,9900,143,6,'2020-05-23',NULL,10),(144,'2020-05-24',5,8300,144,6,'2020-05-24',NULL,8),(145,'2020-05-25',7,4700,145,6,'2020-05-25',NULL,7),(146,'2020-05-26',19,4800,146,6,'2020-05-26',NULL,5),(147,'2020-05-27',5,7300,147,6,'2020-05-27',NULL,3),(148,'2020-05-28',2,6000,148,6,'2020-05-28',NULL,2),(149,'2020-05-29',19,5600,149,6,'2020-05-29',NULL,10),(151,'2020-06-01',8,3900,151,6,'2020-06-01',NULL,5),(152,'2020-06-02',12,2200,152,6,'2020-06-02',NULL,4),(153,'2020-06-03',28,2300,153,6,'2020-06-03',NULL,5),(154,'2020-06-04',5,2600,154,6,'2020-06-04',NULL,5),(155,'2020-06-05',28,9600,155,6,'2020-06-05',NULL,10),(156,'2020-06-06',5,7600,156,6,'2020-06-06',NULL,2),(157,'2020-06-07',22,8100,157,6,'2020-06-07',NULL,9),(158,'2020-06-08',3,1400,158,6,'2020-06-08',NULL,6),(159,'2020-06-09',19,1500,159,6,'2020-06-09',NULL,9),(161,'2020-06-11',14,3100,161,6,'2020-06-11',NULL,6),(162,'2020-06-12',3,2900,162,6,'2020-06-12',NULL,3),(163,'2020-06-13',18,7300,163,6,'2020-06-13',NULL,9),(164,'2020-06-14',25,9100,164,6,'2020-06-14',NULL,7),(165,'2020-06-15',30,6300,165,6,'2020-06-15',NULL,1),(166,'2020-06-16',30,900,166,6,'2020-06-16',NULL,8),(167,'2020-06-17',30,1400,167,6,'2020-06-17',NULL,8),(168,'2020-06-18',3,3900,168,6,'2020-06-18',NULL,5),(169,'2020-06-19',12,8700,169,6,'2020-06-19',NULL,10),(171,'2020-06-21',6,1300,171,6,'2020-06-21',NULL,9),(172,'2020-06-22',21,9300,172,6,'2020-06-22',NULL,4),(173,'2020-06-23',30,6100,173,6,'2020-06-23',NULL,1),(174,'2020-06-24',12,1500,174,6,'2020-06-24',NULL,1),(175,'2020-06-25',22,5600,175,6,'2020-06-25',NULL,1),(176,'2020-06-26',12,9500,176,6,'2020-06-26',NULL,1),(177,'2020-06-27',10,7700,177,6,'2020-06-27',NULL,11),(179,'2020-06-29',15,6800,179,6,'2020-06-29',NULL,3),(180,'2020-06-30',27,4300,180,6,'2020-06-30',NULL,6),(181,'2020-07-01',7,2500,181,6,'2020-07-01',NULL,4),(182,'2020-07-02',5,2800,182,6,'2020-07-02',NULL,2),(183,'2020-07-03',16,7100,183,6,'2020-07-03',NULL,7),(184,'2020-07-04',30,2400,184,6,'2020-07-04',NULL,9),(185,'2020-07-05',18,3800,185,6,'2020-07-05',NULL,6),(186,'2020-07-06',3,2000,186,6,'2020-07-06',NULL,3),(188,'2020-07-08',20,4800,188,6,'2020-07-08',NULL,8),(189,'2020-07-09',13,3700,189,6,'2020-07-09',NULL,2),(190,'2020-07-10',3,7600,190,6,'2020-07-10',NULL,10),(191,'2020-07-11',21,4600,191,6,'2020-07-11',NULL,10),(192,'2020-07-12',4,3600,192,6,'2020-07-12',NULL,3),(193,'2020-07-13',13,1100,193,6,'2020-07-13',NULL,9),(194,'2020-07-14',6,3900,194,6,'2020-07-14',NULL,9),(196,'2020-07-16',21,9800,196,6,'2020-07-16',NULL,4),(197,'2020-07-17',2,4300,197,6,'2020-07-17',NULL,7),(198,'2020-07-18',22,500,198,6,'2020-07-18',NULL,7),(199,'2020-07-19',5,2600,199,6,'2020-07-19',NULL,1),(201,'2020-07-21',25,9900,201,6,'2020-07-21',NULL,3),(203,'2020-07-23',1,400,203,6,'2020-07-23',NULL,1),(204,'2020-07-24',23,2000,204,6,'2020-07-24',NULL,4),(205,'2020-07-25',26,7800,205,6,'2020-07-25',NULL,3),(206,'2020-07-26',28,3300,206,6,'2020-07-26',NULL,3),(208,'2020-07-28',27,2900,208,6,'2020-07-28',NULL,6),(209,'2020-07-29',1,1800,209,6,'2020-07-29',NULL,4),(210,'2020-07-30',6,7000,210,6,'2020-07-30',NULL,3),(211,'2020-08-01',24,1000,211,6,'2020-08-01',NULL,3),(213,'2020-08-03',8,5600,213,6,'2020-08-03',NULL,5),(214,'2020-08-04',20,9300,214,6,'2020-08-04',NULL,5),(215,'2020-08-05',19,7400,215,6,'2020-08-05',NULL,2),(216,'2020-08-06',3,2300,216,6,'2020-08-06',NULL,1),(217,'2020-08-07',21,4500,217,6,'2020-08-07',NULL,1),(218,'2020-08-08',13,5600,218,6,'2020-08-08',NULL,2),(220,'2020-08-10',4,6,220,1,'2020-08-10',NULL,NULL),(221,'2020-08-11',25,261,221,2,'2020-08-11',NULL,NULL),(222,'2020-08-12',6,288,222,3,'2020-08-12',NULL,NULL),(223,'2020-08-13',9,658,223,4,'2020-08-13',NULL,NULL),(224,'2020-08-14',1,426,224,6,'2020-08-14',NULL,NULL),(225,'2020-08-15',17,155,225,1,'2020-08-15',NULL,NULL),(226,'2020-08-16',16,500,226,2,'2020-08-16',NULL,NULL),(227,'2020-08-17',19,36,227,3,'2020-08-17',NULL,NULL),(228,'2020-08-18',10,680,228,4,'2020-08-18',NULL,NULL),(229,'2020-08-19',10,294,229,5,'2020-08-19',NULL,NULL),(230,'2020-08-20',30,429,230,1,'2020-08-20',NULL,NULL),(231,'2020-08-21',20,262,231,2,'2020-08-21',NULL,NULL),(232,'2020-08-22',1,25,232,6,'2020-08-22',NULL,NULL),(233,'2020-08-23',23,340,233,4,'2020-08-23',NULL,NULL),(234,'2020-08-24',12,627,234,5,'2020-08-24',NULL,NULL),(235,'2020-08-25',21,114,235,1,'2020-08-25',NULL,NULL),(236,'2020-08-26',30,690,236,2,'2020-08-26',NULL,NULL),(237,'2020-08-27',23,109,237,3,'2020-08-27',NULL,NULL),(238,'2020-08-28',25,475,238,4,'2020-08-28',NULL,NULL),(239,'2020-08-29',13,49,239,5,'2020-08-29',NULL,NULL),(240,'2020-08-30',12,821,240,1,'2020-08-30',NULL,NULL),(241,'2020-09-01',5,957,241,2,'2020-09-01',NULL,NULL),(242,'2020-09-02',20,323,242,3,'2020-09-02',NULL,NULL),(243,'2020-09-03',30,743,243,4,'2020-09-03',NULL,NULL),(244,'2020-09-04',7,746,244,5,'2020-09-04',NULL,NULL),(245,'2020-09-05',2,501,245,1,'2020-09-05',NULL,NULL),(246,'2020-09-06',13,269,246,2,'2020-09-06',NULL,NULL),(247,'2020-09-07',5,842,247,3,'2020-09-07',NULL,NULL),(248,'2020-09-08',7,405,248,4,'2020-09-08',NULL,NULL),(249,'2020-09-09',10,498,249,5,'2020-09-09',NULL,NULL),(250,'2020-09-10',8,9000,250,6,'2020-09-10',NULL,7),(251,'2020-09-11',6,700,251,6,'2020-09-11',NULL,1),(252,'2020-09-12',4,2700,252,6,'2020-09-12',NULL,7),(253,'2020-09-13',3,7300,253,6,'2020-09-13',NULL,10),(254,'2020-09-14',27,700,254,6,'2020-09-14',NULL,9),(255,'2020-09-15',2,1100,255,6,'2020-09-15',NULL,4),(256,'2020-09-16',15,5600,256,6,'2020-09-16',NULL,8),(257,'2020-09-17',4,9600,257,6,'2020-09-17',NULL,2),(258,'2020-09-18',12,4500,258,6,'2020-09-18',NULL,1),(259,'2020-09-19',9,1300,259,6,'2020-09-19',NULL,3),(260,'2020-09-20',29,6400,260,6,'2020-09-20',NULL,5),(261,'2020-09-21',6,7600,261,6,'2020-09-21',NULL,6),(262,'2020-09-22',21,3300,262,6,'2020-09-22',NULL,11),(263,'2020-09-23',18,2900,263,6,'2020-09-23',NULL,5),(264,'2020-09-24',9,4100,264,6,'2020-09-24',NULL,8),(265,'2020-09-25',26,800,265,6,'2020-09-25',NULL,3),(266,'2020-09-26',25,1200,266,6,'2020-09-26',NULL,2),(267,'2020-09-27',14,5400,267,6,'2020-09-27',NULL,3),(268,'2020-09-28',20,6300,268,6,'2020-09-28',NULL,7),(269,'2020-09-29',8,3200,269,6,'2020-09-29',NULL,6),(270,'2020-09-30',6,6400,270,6,'2020-09-30',NULL,7),(271,'2020-10-01',3,8100,271,6,'2020-10-01',NULL,5),(272,'2020-10-02',18,1700,272,6,'2020-10-02',NULL,5),(273,'2020-10-03',12,1800,273,6,'2020-10-03',NULL,9),(274,'2020-10-04',20,9600,274,6,'2020-10-04',NULL,3),(275,'2020-10-05',1,600,275,6,'2020-10-05',NULL,4),(276,'2020-10-06',24,6900,276,6,'2020-10-06',NULL,9),(277,'2020-10-07',19,7600,277,6,'2020-10-07',NULL,5),(278,'2020-10-08',4,8800,278,6,'2020-10-08',NULL,7),(279,'2020-10-09',6,8500,279,6,'2020-10-09',NULL,5),(280,'2020-10-10',3,1200,280,6,'2020-10-10',NULL,1),(281,'2020-10-11',25,6400,281,6,'2020-10-11',NULL,6),(282,'2020-10-12',7,3300,282,6,'2020-10-12',NULL,5),(283,'2020-10-13',25,700,283,6,'2020-10-13',NULL,1),(284,'2020-10-14',24,6900,284,6,'2020-10-14',NULL,8),(285,'2020-10-15',3,3500,285,6,'2020-10-15',NULL,4),(286,'2020-10-16',23,3400,286,6,'2020-10-16',NULL,4),(287,'2020-10-17',5,100,287,6,'2020-10-17',NULL,7),(288,'2020-10-18',9,8600,288,6,'2020-10-18',NULL,2),(289,'2020-10-19',27,2500,289,6,'2020-10-19',NULL,9),(290,'2020-10-20',8,8800,290,6,'2020-10-20',NULL,7),(291,'2020-10-21',9,5800,291,6,'2020-10-21',NULL,9),(292,'2020-10-22',6,7100,292,6,'2020-10-22',NULL,3),(293,'2020-10-23',30,8100,293,6,'2020-10-23',NULL,2),(294,'2020-10-24',9,9500,294,6,'2020-10-24',NULL,2),(295,'2020-10-25',1,2500,295,6,'2020-10-25',NULL,4),(296,'2020-10-26',1,4700,296,6,'2020-10-26',NULL,3),(297,'2020-10-27',16,1100,297,6,'2020-10-27',NULL,2),(298,'2020-10-28',12,8000,298,6,'2020-10-28',NULL,8),(299,'2020-10-29',13,7200,299,6,'2020-10-29',NULL,9),(300,'2020-10-30',30,900,300,6,'2020-10-30',NULL,7),(301,'2023-11-01',1,9200,301,3,'2024-02-10',NULL,1),(302,'2020-11-02',30,800,302,6,'2020-11-02',NULL,1),(303,'2020-11-03',10,3300,303,6,'2020-11-03',NULL,4),(304,'2020-11-04',23,3900,304,6,'2020-11-04',NULL,6),(305,'2020-11-05',8,2300,305,6,'2020-11-05',NULL,7),(306,'2020-11-06',3,8700,306,6,'2020-11-06',NULL,9),(307,'2020-11-07',22,5800,307,6,'2020-11-07',NULL,6),(308,'2020-11-08',29,2000,308,6,'2020-11-08',NULL,4),(309,'2020-11-09',18,3400,309,6,'2020-11-09',NULL,4),(310,'2020-11-10',7,5800,310,6,'2020-11-10',NULL,7),(311,'2020-11-11',30,600,311,6,'2020-11-11',NULL,3),(312,'2020-11-12',10,2000,312,6,'2020-11-12',NULL,5),(313,'2020-11-13',25,200,313,6,'2020-11-13',NULL,7),(314,'2023-10-14',1,4700,314,3,'2023-12-15',NULL,5),(315,'2020-11-15',21,7800,315,6,'2020-11-15',NULL,1),(316,'2020-11-16',23,8400,316,6,'2020-11-16',NULL,1),(317,'2020-11-17',21,4200,317,6,'2020-11-17',NULL,6),(318,'2020-11-18',27,7000,318,6,'2020-11-18',NULL,1),(319,'2020-11-19',14,9900,319,6,'2020-11-19',NULL,1),(320,'2020-11-20',5,8100,320,6,'2020-11-20',NULL,4),(321,'2020-11-21',17,4900,321,6,'2020-11-21',NULL,9),(322,'2020-11-22',1,3400,322,6,'2020-11-22',NULL,4),(323,'2020-11-23',20,400,323,6,'2020-11-23',NULL,7),(324,'2020-11-24',14,6500,324,6,'2020-11-24',NULL,3),(325,'2020-11-25',22,8000,325,6,'2020-11-25',NULL,4),(326,'2020-11-26',27,7500,326,6,'2020-11-26',NULL,3),(327,'2020-11-27',18,9500,327,6,'2020-11-27',NULL,9),(328,'2020-11-28',28,6800,328,6,'2020-11-28',NULL,9),(329,'2020-11-29',20,6000,329,6,'2020-11-29',NULL,2),(330,'2020-11-30',10,600,330,6,'2020-11-30',NULL,4),(331,'2020-12-01',24,2700,331,6,'2020-12-01',NULL,2),(332,'2020-12-02',18,0,332,6,'2020-12-02',NULL,2),(333,'2020-12-03',17,8200,333,6,'2020-12-03',NULL,1),(335,'2020-12-05',27,5600,335,6,'2020-12-05',NULL,2),(336,'2020-12-06',22,9300,336,6,'2020-12-06',NULL,10),(337,'2020-12-07',30,3500,337,6,'2020-12-07',NULL,5),(338,'2020-12-08',5,1300,338,6,'2020-12-08',NULL,1),(339,'2020-12-09',24,8000,339,6,'2020-12-09',NULL,8),(340,'2020-12-10',1,5700,340,6,'2020-12-10',NULL,9),(342,'2020-12-12',25,800,342,6,'2020-12-12',NULL,7),(343,'2020-12-13',6,7200,343,6,'2020-12-13',NULL,9),(344,'2020-12-14',19,7400,344,6,'2020-12-14',NULL,9),(345,'2020-12-15',26,7800,345,6,'2020-12-15',NULL,3),(346,'2020-12-16',23,4200,346,6,'2020-12-16',NULL,6),(347,'2020-12-17',6,8600,347,6,'2020-12-17',NULL,3),(349,'2020-12-19',13,2000,349,6,'2020-12-19',NULL,5),(350,'2020-12-20',21,8100,350,6,'2020-12-20',NULL,7),(351,'2020-12-21',30,5200,351,6,'2020-12-21',NULL,4),(353,'2020-12-23',1,6200,353,6,'2020-12-23',NULL,9),(354,'2020-12-24',25,700,354,6,'2020-12-24',NULL,5),(355,'2020-12-25',16,9300,355,6,'2020-12-25',NULL,8),(356,'2020-12-26',30,4400,356,6,'2020-12-26',NULL,3),(357,'2020-12-27',17,2000,357,6,'2020-12-27',NULL,1),(358,'2020-12-28',29,2600,358,6,'2020-12-28',NULL,6),(360,'2020-12-30',5,7800,360,6,'2020-12-30',NULL,9),(362,'2017-01-02',19,4900,362,6,'2017-01-02',NULL,9),(363,'2017-01-03',4,1600,363,6,'2017-01-03',NULL,7),(364,'2017-01-04',24,7200,364,6,'2017-01-04',NULL,7),(365,'2017-01-05',29,1900,365,6,'2017-01-05',NULL,10),(366,'2017-01-06',10,6000,366,6,'2017-01-06',NULL,9),(367,'2017-01-07',1,6300,367,6,'2017-01-07',NULL,11),(368,'2017-01-08',3,9100,368,6,'2017-01-08',NULL,5),(370,'2017-01-10',17,6900,370,6,'2017-01-10',NULL,7),(371,'2017-01-11',2,8700,371,6,'2017-01-11',NULL,5),(372,'2017-01-12',6,5400,372,6,'2017-01-12',NULL,5),(373,'2017-01-13',16,4800,373,6,'2017-01-13',NULL,1),(374,'2017-01-14',18,7700,374,6,'2017-01-14',NULL,8),(375,'2017-01-15',1,9200,375,6,'2017-01-15',NULL,6),(376,'2017-01-16',26,8000,376,6,'2017-01-16',NULL,10),(378,'2017-01-18',26,2600,378,6,'2017-01-18',NULL,8),(379,'2017-01-19',12,4100,379,6,'2017-01-19',NULL,11),(381,'2017-01-21',13,2100,381,6,'2017-01-21',NULL,1),(382,'2017-01-22',18,200,382,6,'2017-01-22',NULL,2),(383,'2017-01-23',1,400,383,6,'2017-01-23',NULL,7),(384,'2017-01-24',9,5200,384,6,'2017-01-24',NULL,9),(385,'2017-01-25',2,8000,385,6,'2017-01-25',NULL,2),(386,'2017-01-26',19,1400,386,6,'2017-01-26',NULL,5),(387,'2017-01-27',28,2200,387,6,'2017-01-27',NULL,9),(389,'2017-01-29',16,3800,389,6,'2017-01-29',NULL,3),(390,'2017-01-30',27,3000,390,6,'2017-01-30',NULL,1),(391,'2017-02-01',24,4900,391,6,'2017-02-01',NULL,4),(392,'2017-02-02',16,9100,392,6,'2017-02-02',NULL,6),(393,'2017-02-03',7,6900,393,6,'2017-02-03',NULL,4),(394,'2017-02-04',5,8800,394,6,'2017-02-04',NULL,2),(395,'2017-02-05',14,400,395,6,'2017-02-05',NULL,10),(396,'2017-02-06',9,3000,396,6,'2017-02-06',NULL,2),(397,'2017-02-07',3,6700,397,6,'2017-02-07',NULL,3),(398,'2017-02-08',19,4500,398,6,'2017-02-08',NULL,8),(399,'2017-02-09',1,5800,399,6,'2017-02-09',NULL,2),(400,'2017-02-10',23,5200,400,6,'2017-02-10',NULL,7),(401,'2017-02-11',20,5900,401,6,'2017-02-11',NULL,6),(402,'2017-02-12',25,9800,402,6,'2017-02-12',NULL,9),(403,'2017-02-13',29,6000,403,6,'2017-02-13',NULL,4),(404,'2017-02-14',23,6300,404,6,'2017-02-14',NULL,7),(405,'2017-02-15',12,9400,405,6,'2017-02-15',NULL,9),(407,'2017-02-17',3,6700,407,6,'2017-02-17',NULL,3),(408,'2017-02-18',8,600,408,6,'2017-02-18',NULL,5),(409,'2017-02-19',5,8200,409,6,'2017-02-19',NULL,8),(410,'2017-02-20',23,2300,410,6,'2017-02-20',NULL,8),(411,'2017-02-21',17,7900,411,6,'2017-02-21',NULL,5),(412,'2017-02-22',24,3300,412,6,'2017-02-22',NULL,2),(413,'2017-02-23',6,3800,413,6,'2017-02-23',NULL,4),(414,'2017-02-24',23,6100,414,6,'2017-02-24',NULL,4),(415,'2017-02-25',22,8000,415,6,'2017-02-25',NULL,5),(416,'2017-02-26',19,2000,416,6,'2017-02-26',NULL,1),(417,'2017-02-27',29,4900,417,6,'2017-02-27',NULL,9),(418,'2017-02-28',30,8400,418,6,'2017-02-28',NULL,3),(419,'2017-02-28',28,8500,419,6,'2017-02-28',NULL,2),(420,'2017-02-28',2,4200,420,6,'2017-02-28',NULL,9),(421,'2017-03-01',29,3900,421,6,'2017-03-01',NULL,3),(422,'2017-03-02',5,6100,422,6,'2017-03-02',NULL,1),(423,'2017-03-03',25,6000,423,6,'2017-03-03',NULL,8),(424,'2017-03-04',2,1400,424,6,'2017-03-04',NULL,5),(425,'2017-03-05',5,10000,425,6,'2017-03-05',NULL,5),(426,'2017-03-06',6,1800,426,6,'2017-03-06',NULL,1),(427,'2017-03-07',26,2700,427,6,'2017-03-07',NULL,7),(428,'2017-03-08',17,100,428,6,'2017-03-08',NULL,5),(430,'2017-03-10',4,7500,430,6,'2017-03-10',NULL,2),(431,'2017-03-11',29,400,431,6,'2017-03-11',NULL,9),(432,'2017-03-12',6,4400,432,6,'2017-03-12',NULL,1),(433,'2017-03-13',4,6400,433,6,'2017-03-13',NULL,5),(435,'2017-03-15',7,8200,435,6,'2017-03-15',NULL,6),(437,'2017-03-17',13,7400,437,6,'2017-03-17',NULL,9),(438,'2017-03-18',5,4100,438,6,'2017-03-18',NULL,8),(439,'2017-03-19',10,4800,439,6,'2017-03-19',NULL,8),(440,'2017-03-20',14,1000,440,6,'2017-03-20',NULL,8),(441,'2017-03-21',22,3300,441,6,'2017-03-21',NULL,8),(442,'2017-03-22',8,2000,442,6,'2017-03-22',NULL,2),(444,'2017-03-24',17,800,444,6,'2017-03-24',NULL,5),(445,'2017-03-25',28,15000,445,6,'2017-03-25',NULL,1),(446,'2017-03-26',1,3000,446,6,'2017-03-26',NULL,3),(447,'2017-03-27',1,2200,447,6,'2017-03-27',NULL,4),(448,'2017-03-28',20,3500,448,6,'2017-03-28',NULL,8),(449,'2017-03-29',7,5000,449,6,'2017-03-29',NULL,11),(451,'2017-04-01',7,8000,451,6,'2017-04-01',NULL,1),(452,'2017-04-02',18,5000,452,6,'2017-04-02',NULL,3),(453,'2017-04-03',4,6000,453,6,'2017-04-03',NULL,5),(454,'2017-04-04',24,6000,454,6,'2017-04-04',NULL,10),(455,'2017-04-05',7,6000,455,6,'2017-04-05',NULL,8),(456,'2017-04-06',2,276,456,2,'2017-04-06',NULL,NULL),(457,'2017-04-07',2,885,457,3,'2017-04-07',NULL,NULL),(459,'2017-04-09',5,597,459,5,'2017-04-09',NULL,NULL),(460,'2017-04-10',2,330,460,1,'2017-04-10',NULL,NULL),(461,'2017-04-11',1,861,461,6,'2017-04-11',NULL,NULL),(462,'2017-04-12',9,315,462,3,'2017-04-12',NULL,NULL),(463,'2017-04-13',23,993,463,4,'2017-04-13',NULL,NULL),(464,'2017-04-14',7,20,464,5,'2017-04-14',NULL,NULL),(465,'2017-04-15',26,122,465,1,'2017-04-15',NULL,NULL),(467,'2017-04-17',13,549,467,3,'2017-04-17',NULL,NULL),(469,'2017-04-19',7,379,469,5,'2017-04-19',NULL,NULL),(470,'2017-04-20',24,251,470,1,'2017-04-20',NULL,NULL),(471,'2017-04-21',29,117,471,2,'2017-04-21',NULL,NULL),(472,'2017-04-22',19,832,472,3,'2017-04-22',NULL,NULL),(473,'2017-04-23',2,809,473,4,'2017-04-23',NULL,NULL),(474,'2017-04-24',5,551,474,5,'2017-04-24',NULL,NULL),(475,'2017-04-25',16,330,475,1,'2017-04-25',NULL,NULL),(476,'2017-04-26',12,996,476,2,'2017-04-26',NULL,NULL),(478,'2017-04-28',1,991,478,6,'2017-04-28',NULL,NULL),(479,'2017-04-29',10,966,479,5,'2017-04-29',NULL,NULL),(480,'2017-04-30',21,857,480,1,'2017-04-30',NULL,NULL),(481,'2017-05-01',19,388,481,2,'2017-05-01',NULL,NULL),(482,'2017-05-02',26,370,482,3,'2017-05-02',NULL,NULL),(483,'2017-05-03',24,688,483,4,'2017-05-03',NULL,NULL),(484,'2017-05-04',28,329,484,5,'2017-05-04',NULL,NULL),(486,'2017-05-06',18,582,486,2,'2017-05-06',NULL,NULL),(487,'2017-05-07',22,925,487,3,'2017-05-07',NULL,NULL),(488,'2017-05-08',10,879,488,4,'2017-05-08',NULL,NULL),(489,'2017-05-09',16,619,489,5,'2017-05-09',NULL,NULL),(490,'2017-05-10',20,461,490,1,'2017-05-10',NULL,NULL),(491,'2017-05-11',25,448,491,2,'2017-05-11',NULL,NULL),(492,'2017-05-12',12,857,492,3,'2017-05-12',NULL,NULL),(493,'2017-05-13',20,940,493,4,'2017-05-13',NULL,NULL),(494,'2017-05-14',27,129,494,5,'2017-05-14',NULL,NULL),(496,'2017-05-16',27,826,496,2,'2017-05-16',NULL,NULL),(497,'2017-05-17',17,743,497,3,'2017-05-17',NULL,NULL),(499,'2017-05-19',27,239,499,5,'2017-05-19',NULL,NULL),(500,'2017-05-20',14,967,500,1,'2017-05-20',NULL,NULL),(501,'2017-05-21',29,119,501,2,'2017-05-21',NULL,NULL),(502,'2017-05-22',4,695,502,3,'2017-05-22',NULL,NULL),(503,'2017-05-23',12,116,503,4,'2017-05-23',NULL,NULL),(504,'2017-05-24',13,496,504,5,'2017-05-24',NULL,NULL),(505,'2017-05-25',8,131,505,6,'2017-05-25',NULL,NULL),(506,'2017-05-26',1,171,506,6,'2017-05-26',NULL,NULL),(507,'2017-05-27',4,461,507,3,'2017-05-27',NULL,NULL),(509,'2017-05-29',27,791,509,5,'2017-05-29',NULL,NULL),(511,'2017-06-01',19,572,511,2,'2017-06-01',NULL,NULL),(512,'2017-06-02',3,490,512,3,'2017-06-02',NULL,NULL),(513,'2017-06-03',15,733,513,4,'2017-06-03',NULL,NULL),(514,'2017-06-04',8,195,514,6,'2017-06-04',NULL,NULL),(515,'2017-06-05',5,777,515,1,'2017-06-05',NULL,NULL),(516,'2017-06-06',10,299,516,2,'2017-06-06',NULL,NULL),(518,'2017-06-08',9,166,518,4,'2017-06-08',NULL,NULL),(520,'2017-06-10',26,931,520,1,'2017-06-10',NULL,NULL),(521,'2017-06-11',17,160,521,2,'2017-06-11',NULL,NULL),(522,'2017-06-12',16,8,522,3,'2017-06-12',NULL,NULL),(523,'2017-06-13',21,558,523,4,'2017-06-13',NULL,NULL),(524,'2017-06-14',26,768,524,5,'2017-06-14',NULL,NULL),(525,'2017-06-15',21,164,525,1,'2017-06-15',NULL,NULL),(526,'2017-06-16',5,519,526,2,'2017-06-16',NULL,NULL),(528,'2017-06-18',1,103,528,6,'2017-06-18',NULL,NULL),(529,'2017-06-19',5,958,529,6,'2017-06-19',NULL,NULL),(531,'2017-06-21',30,482,531,2,'2017-06-21',NULL,NULL),(532,'2017-06-22',26,535,532,3,'2017-06-22',NULL,NULL),(533,'2017-06-23',1,230,533,6,'2017-06-23',NULL,NULL),(534,'2017-06-24',9,545,534,5,'2017-06-24',NULL,NULL),(535,'2017-06-25',29,38,535,1,'2017-06-25',NULL,NULL),(536,'2017-06-26',26,554,536,2,'2017-06-26',NULL,NULL),(537,'2023-10-27',1,657,537,6,'2013-12-27',NULL,NULL),(538,'2017-06-28',20,625,538,4,'2017-06-28',NULL,NULL),(539,'2017-06-29',12,152,539,5,'2017-06-29',NULL,NULL),(540,'2017-06-30',2,888,540,1,'2017-06-30',NULL,NULL),(541,'2017-07-01',19,981,541,2,'2017-07-01',NULL,NULL),(542,'2017-07-02',14,245,542,3,'2017-07-02',NULL,NULL),(543,'2017-07-02',2,281,543,6,'2017-07-02',NULL,NULL),(544,'2017-07-03',21,671,544,5,'2017-07-03',NULL,NULL),(545,'2017-07-04',8,513,545,6,'2017-07-04',NULL,NULL),(546,'2017-07-06',1,552,546,6,'2017-07-06',NULL,NULL),(547,'2017-07-07',28,221,547,3,'2017-07-07',NULL,NULL),(548,'2023-10-10',1,920,20,6,'2024-01-15',NULL,10),(549,'2023-10-26',1,6500,21,6,'2024-02-21',NULL,11),(550,'2023-11-01',1,1500,30,6,'2024-02-21',NULL,6),(551,'2023-10-09',1,2200,27,3,'2023-12-30',NULL,6),(552,'2023-10-12',1,1200,29,3,'2023-12-30',NULL,7),(553,'2023-10-17',1,1760,538,4,'2024-01-10',NULL,8),(554,'2023-10-25',1,7300,30,4,'2024-02-12',NULL,9),(556,'2023-10-30',1,3400,547,2,'2024-03-10',NULL,10);
/*!40000 ALTER TABLE `QUOTES` ENABLE KEYS */;
UNLOCK TABLES;

--
-- Table structure for table `QUOTE_STATUS`
--

DROP TABLE IF EXISTS `QUOTE_STATUS`;
/*!40101 SET @saved_cs_client     = @@character_set_client */;
/*!40101 SET character_set_client = utf8 */;
CREATE TABLE `QUOTE_STATUS` (
  `ID` int(11) NOT NULL AUTO_INCREMENT,
  `QUOTE_STATUS` varchar(255) COLLATE utf8_unicode_ci DEFAULT NULL,
  PRIMARY KEY (`ID`)
) ENGINE=InnoDB AUTO_INCREMENT=7 DEFAULT CHARSET=utf8 COLLATE=utf8_unicode_ci;
/*!40101 SET character_set_client = @saved_cs_client */;

--
-- Dumping data for table `QUOTE_STATUS`
--

LOCK TABLES `QUOTE_STATUS` WRITE;
/*!40000 ALTER TABLE `QUOTE_STATUS` DISABLE KEYS */;
INSERT INTO `QUOTE_STATUS` VALUES (1,'Idea'),(2,'Contacted'),(3,'Terms Negotiated'),(4,'Verbal Yes'),(5,'Verbal No'),(6,'Converted');
/*!40000 ALTER TABLE `QUOTE_STATUS` ENABLE KEYS */;
UNLOCK TABLES;

--
-- Table structure for table `REPS`
--

DROP TABLE IF EXISTS `REPS`;
/*!40101 SET @saved_cs_client     = @@character_set_client */;
/*!40101 SET character_set_client = utf8 */;
CREATE TABLE `REPS` (
  `ID` int(11) NOT NULL AUTO_INCREMENT,
  `NAME` varchar(32) COLLATE utf8_unicode_ci NOT NULL,
  `CHANNEL_TYPE` int(11) DEFAULT NULL,
  `STREET` varchar(64) COLLATE utf8_unicode_ci DEFAULT NULL,
  `CITY` varchar(32) COLLATE utf8_unicode_ci DEFAULT NULL,
  `STATE` varchar(2) COLLATE utf8_unicode_ci DEFAULT NULL,
  `ZIP` varchar(6) COLLATE utf8_unicode_ci DEFAULT NULL,
  `PICURL` varchar(1024) COLLATE utf8_unicode_ci DEFAULT NULL,
  `PASSWORD` varchar(32) COLLATE utf8_unicode_ci DEFAULT NULL,
  `ROLE` varchar(32) COLLATE utf8_unicode_ci DEFAULT NULL,
  `USERNAME` varchar(32) COLLATE utf8_unicode_ci DEFAULT NULL,
  `EMAIL` varchar(255) COLLATE utf8_unicode_ci DEFAULT NULL,
  `PHONE` varchar(255) COLLATE utf8_unicode_ci DEFAULT NULL,
  `OFFICE_ADDRESS` varchar(555) COLLATE utf8_unicode_ci DEFAULT NULL,
  `REPORTING_HEAD` int(11) DEFAULT NULL,
  `STATE_ID_REF` int(11) DEFAULT NULL,
  PRIMARY KEY (`ID`),
  KEY `FK_REP_CHANNEL_TYPE` (`CHANNEL_TYPE`),
  KEY `FK_REPS_TO_REPS_REPORTINFhKxF` (`REPORTING_HEAD`),
  KEY `FK_REPS_TO_STATES_STATE_zVshL` (`STATE_ID_REF`),
  CONSTRAINT `FK_REPS_TO_REPS_REPORTINFhKxF` FOREIGN KEY (`REPORTING_HEAD`) REFERENCES `REPS` (`ID`),
  CONSTRAINT `FK_REPS_TO_STATES_STATE_zVshL` FOREIGN KEY (`STATE_ID_REF`) REFERENCES `STATES` (`ID`),
  CONSTRAINT `FK_REP_CHANNEL_TYPE` FOREIGN KEY (`CHANNEL_TYPE`) REFERENCES `CHANNELS` (`ID`)
) ENGINE=InnoDB AUTO_INCREMENT=32 DEFAULT CHARSET=utf8 COLLATE=utf8_unicode_ci;
/*!40101 SET character_set_client = @saved_cs_client */;

--
-- Dumping data for table `REPS`
--

LOCK TABLES `REPS` WRITE;
/*!40000 ALTER TABLE `REPS` DISABLE KEYS */;
INSERT INTO `REPS` VALUES (1,'Amanda Brown',2,'1 Broadway Street','New York','NY','10036','https://s3.amazonaws.com/wmstudio-apps/salesrep/Amanda-Brown.png','wavemaker','user','amanda.brown','amanda.brown@mail.com','7786610036','1975, Camino Real, #301, 1 Broadway Street, NY 10036, New York',9,37),(2,'Brad Tucker',2,'25 Liberty Way','Boston','MA','11343','https://s3.amazonaws.com/wmstudio-apps/salesrep/Brad-Tucker.png','wavemaker','user','brad.tucker','brad.tucker@mail.com','7786611343','1975, Camino Real, #301, 25 Liberty Way, MA 11343, Massachusetts',9,26),(3,'Daisuke Akira',2,'2525 Cypress Lane','Atlanta','GA','14231','https://s3.amazonaws.com/wmstudio-apps/salesrep/Chris-Madison.png','wavemaker','user','daisukea.kira','daisuke.akira@mail.com','7786614231','1975, Camino Real, #301, 2525 Cypress Lane, GA 14231, Georgia',9,13),(4,'Eric Lin',2,'45 Houston Street','New York','NY','10106','https://s3.amazonaws.com/wmstudio-apps/salesrep/Eric-Lin.png','wavemaker','user','eric.lin','eric.lin@mail.com','7786610106','1975, Camino Real, #301, 45 Houston Street, NY 10106, New York',9,37),(5,'Jane Lisa',2,'346 Mulholland Drive','Los Angeles','CA','94036','https://s3.amazonaws.com/wmstudio-apps/salesrep/Jane-Lisa.png','wavemaker','user','jane.lisa','jane.lisa@mail.com','7786694036','1975, Camino Real, #301, 346 Mulholland Drive, CA 94036, California',9,6),(6,'Jessica Bennet',2,'6000 Sunset Boulevard','Los Angeles','CA','90028','https://s3.amazonaws.com/wmstudio-apps/salesrep/Jessica-Bennet.png','wavemaker','user','jessica.bennet','jessica.bennet@mail.com','7786690028','1975, Camino Real, #301, 6000 Sunset Boulevard, CA 90028, California',9,6),(7,'Keith Neilson',2,'3 YukYuk Way','San Gabriel','CA','91775','https://s3.amazonaws.com/wmstudio-apps/salesrep/Keith-Neilson.png','wavemaker','user','keith.neilson','keith.neilson@mail.com','7786691775','1975, Camino Real, #301, 3 YukYuk Way, CA 91775, California',9,6),(8,'Patricia George',2,'1000 Brownsville Road','Brooklyn','NY','11212','https://s3.amazonaws.com/wmstudio-apps/salesrep/Patricia-George.png','wavemaker','user','patricia.george','patricia.george@mail.com','7786611212','1975, Camino Real, #301, 1000 Brownsville Road, NY 11212, New York',9,37),(9,'Sally Jones',5,'300 South Street','Philadephia','PA','19147','https://s3.amazonaws.com/wmstudio-apps/salesrep/Sally-Jones.png','wavemaker','manager','sally.jones','sally.jones@mail.com','7786619147','1975, Camino Real, #301, 300 South Street, PA 19147, Pennsylvania',9,45),(10,'William Hogan',2,'3 YukYuk Way','San Gabriel','CA','91775','https://s3.amazonaws.com/wmstudio-apps/salesrep/William-Hogan.png','wavemaker','user','william.hogan','william.hogan@mail.com','7786691775','1975, Camino Real, #301, 3 YukYuk Way, CA 91775, California',9,6),(11,'AXA Equitable Life Insurance',3,NULL,NULL,NULL,NULL,NULL,'wavemaker','user','axa.equitable.life.insurance','axa.equitable.life.insurance@mail.com',NULL,NULL,NULL,NULL),(12,'Berkshire Hathaway',3,NULL,NULL,NULL,NULL,NULL,'wavemaker','user','berkshire.hathaway','berkshire.hathaway@mail.com',NULL,NULL,NULL,NULL),(13,'Citi Group',3,NULL,NULL,NULL,NULL,NULL,'wavemaker','user','citi.group','citi.group@mail.com',NULL,NULL,NULL,NULL),(14,'Dallas Insurance Club',3,NULL,NULL,NULL,NULL,NULL,'wavemaker','user','dallas.insurance.club','dallas.insurance.club@mail.com',NULL,NULL,NULL,NULL),(15,'Esurance Inc',3,NULL,NULL,NULL,NULL,NULL,'wavemaker','user','esurance.inc','esurance.inc@mail.com',NULL,NULL,NULL,NULL),(16,'First American Insurance Company',3,NULL,NULL,NULL,NULL,NULL,'wavemaker','user','first.american.insurance.company','first.american.insurance.company@mail.com',NULL,NULL,NULL,NULL),(17,'Fidelity Insurance Company',3,NULL,NULL,NULL,NULL,NULL,'wavemaker','user','fidelity.insurance.company','fidelity.insurance.company@mail.com',NULL,NULL,NULL,NULL),(18,'MetLife',3,NULL,NULL,NULL,NULL,NULL,'wavemaker','user','metlife','metlife@mail.com',NULL,NULL,NULL,NULL),(19,'New York Life Insurance Company',3,NULL,NULL,NULL,NULL,NULL,'wavemaker','user','new.york.life.insurance.company','new.york.life.insurance.company@mail.com',NULL,NULL,NULL,NULL),(20,'UnitedHealth Group',3,NULL,NULL,NULL,NULL,NULL,'wavemaker','user','unitedhealth.group','unitedhealth.group@mail.com',NULL,NULL,NULL,NULL),(21,'Aviva',4,NULL,NULL,NULL,NULL,NULL,'wavemaker','user','aviva','aviva@mail.com',NULL,NULL,NULL,NULL),(22,'Bain & Company',4,NULL,NULL,NULL,NULL,NULL,'wavemaker','user','bain.&.company','bain.&.company@mail.com',NULL,NULL,NULL,NULL),(23,'Bank Of America',4,NULL,NULL,NULL,NULL,NULL,'wavemaker','user','bank.of.america','bank.of.america@mail.com',NULL,NULL,NULL,NULL),(24,'Deloitte Consulting',4,NULL,NULL,NULL,NULL,NULL,'wavemaker','user','deloitte.consulting','deloitte.consulting@mail.com',NULL,NULL,NULL,NULL),(25,'Goldman Sachs',4,NULL,NULL,NULL,NULL,NULL,'wavemaker','user','goldman.sachs','goldman.sachs@mail.com',NULL,NULL,NULL,NULL),(26,'McKinsey & Company',4,NULL,NULL,NULL,NULL,NULL,'wavemaker','user','mckinsey.&.company','mckinsey.&.company@mail.com',NULL,NULL,NULL,NULL),(27,'Morgan Stanley',4,NULL,NULL,NULL,NULL,NULL,'wavemaker','user','morgan.stanley','morgan.stanley@mail.com',NULL,NULL,NULL,NULL),(28,'JP Morgan Chase',4,NULL,NULL,NULL,NULL,NULL,'wavemaker','user','jp.morgan.chase','jp.morgan.chase@mail.com',NULL,NULL,NULL,NULL),(29,'The Boston Consulting Group, Inc',4,NULL,NULL,NULL,NULL,NULL,'wavemaker','user','the.boston.consulting.group,.inc','the.boston.consulting.group,.inc@mail.com',NULL,NULL,NULL,NULL),(30,'Wells Fargo',4,NULL,NULL,NULL,NULL,NULL,'wavemaker','user','wells.fargo','wells.fargo@mail.com',NULL,NULL,NULL,NULL),(31,'John Doe',2,'South Street','Philadephia','PA','19147','https://s3.amazonaws.com/wmstudio-apps/salesrep/William-Hogan.png','wavemaker','user','john.doe','john.doe@mail.com','9863652753','1975, Camino Real, #301, 300 South Street, PA 19147, Pennsylvania',NULL,45);
/*!40000 ALTER TABLE `REPS` ENABLE KEYS */;
UNLOCK TABLES;

--
-- Table structure for table `REWARDS`
--

DROP TABLE IF EXISTS `REWARDS`;
/*!40101 SET @saved_cs_client     = @@character_set_client */;
/*!40101 SET character_set_client = utf8 */;
CREATE TABLE `REWARDS` (
  `ID` int(11) NOT NULL AUTO_INCREMENT,
  `REPID` int(11) DEFAULT NULL,
  `MONTHLY_COMMISSION` int(11) DEFAULT NULL,
  `QUARTERLY_BONUS` int(11) DEFAULT NULL,
  PRIMARY KEY (`ID`),
  KEY `FK_REWARDS_TO_REPS_REPID_ID` (`REPID`),
  CONSTRAINT `FK_REWARDS_TO_REPS_REPID_ID` FOREIGN KEY (`REPID`) REFERENCES `REPS` (`ID`)
) ENGINE=InnoDB AUTO_INCREMENT=6 DEFAULT CHARSET=utf8 COLLATE=utf8_unicode_ci;
/*!40101 SET character_set_client = @saved_cs_client */;

--
-- Dumping data for table `REWARDS`
--

LOCK TABLES `REWARDS` WRITE;
/*!40000 ALTER TABLE `REWARDS` DISABLE KEYS */;
INSERT INTO `REWARDS` VALUES (1,1,30000,150000),(2,2,40000,160000),(3,3,50000,170000),(4,4,60000,180000),(5,5,70000,190000);
/*!40000 ALTER TABLE `REWARDS` ENABLE KEYS */;
UNLOCK TABLES;

--
-- Table structure for table `SALES`
--

DROP TABLE IF EXISTS `SALES`;
/*!40101 SET @saved_cs_client     = @@character_set_client */;
/*!40101 SET character_set_client = utf8 */;
CREATE TABLE `SALES` (
  `ID` int(11) NOT NULL AUTO_INCREMENT,
  `ENTRY_DATE` date DEFAULT NULL,
  `QUOTE_ID` int(11) DEFAULT NULL,
  `PRODUCT_ID` int(11) DEFAULT NULL,
  `SALES` int(11) DEFAULT NULL,
  `IS_RENEWAL` tinyint(1) DEFAULT NULL,
  `COMMENTS` varchar(555) COLLATE utf8_unicode_ci DEFAULT NULL,
  `RENEWAL_PERIOD` int(11) DEFAULT NULL,
  PRIMARY KEY (`ID`),
  KEY `FK_SALES_PRODUCT_ID` (`PRODUCT_ID`),
  KEY `FK_SALES_QUOTE_ID` (`QUOTE_ID`),
  CONSTRAINT `FK_SALES_PRODUCT_ID` FOREIGN KEY (`PRODUCT_ID`) REFERENCES `PRODUCTS` (`ID`),
  CONSTRAINT `FK_SALES_QUOTE_ID` FOREIGN KEY (`QUOTE_ID`) REFERENCES `QUOTES` (`ID`)
) ENGINE=InnoDB AUTO_INCREMENT=508 DEFAULT CHARSET=utf8 COLLATE=utf8_unicode_ci;
/*!40101 SET character_set_client = @saved_cs_client */;

--
-- Dumping data for table `SALES`
--

LOCK TABLES `SALES` WRITE;
/*!40000 ALTER TABLE `SALES` DISABLE KEYS */;
INSERT INTO `SALES` VALUES (3,'2020-03-01',3,3,8000,0,NULL,30),(5,'2020-08-01',5,5,5000,1,NULL,60),(6,'2020-07-01',6,6,10000,1,NULL,30),(8,'2019-08-01',8,11,8000,1,NULL,40),(9,'2019-09-01',9,3,9600,0,NULL,30),(10,'2019-10-01',10,8,7000,1,NULL,60),(12,'2019-12-01',12,8,2200,0,NULL,40),(14,'2020-02-01',14,5,5700,0,NULL,30),(15,'2020-03-01',15,1,8800,1,NULL,60),(17,'2020-08-01',17,6,9000,0,NULL,30),(18,'2020-07-01',18,6,1000,1,NULL,30),(19,'2020-06-01',19,9,3000,0,NULL,30),(20,'2019-08-01',20,8,5900,1,NULL,40),(21,'2019-09-01',21,9,8500,1,NULL,30),(22,'2019-10-01',22,1,9200,0,NULL,30),(23,'2019-11-01',23,3,8300,0,NULL,30),(25,'2020-01-01',25,2,5400,0,NULL,60),(29,'2020-08-01',29,4,3900,0,NULL,30),(30,'2020-07-01',30,5,6500,0,NULL,60),(31,'2020-06-01',31,2,9000,1,NULL,30),(33,'2019-09-01',33,10,5200,1,NULL,30),(34,'2019-10-01',34,3,7400,0,NULL,30),(35,'2019-11-01',35,6,3800,0,NULL,60),(36,'2019-12-01',36,2,5000,0,NULL,40),(37,'2020-01-01',37,2,8000,0,NULL,30),(38,'2020-02-01',38,3,4000,0,NULL,30),(40,'2020-04-01',40,6,4000,0,NULL,40),(41,'2020-08-01',41,8,5000,1,NULL,30),(42,'2020-07-01',42,9,4000,0,NULL,30),(43,'2020-06-01',43,5,9000,0,NULL,30),(44,'2019-08-01',44,1,1200,0,NULL,40),(45,'2019-09-01',45,10,4500,1,NULL,60),(47,'2019-11-01',47,7,1000,0,NULL,30),(48,'2019-12-01',48,8,3600,1,NULL,40),(49,'2020-01-01',49,1,8400,1,NULL,30),(50,'2020-02-01',50,2,7700,0,NULL,60),(51,'2020-03-01',51,5,9400,0,NULL,30),(60,'2019-12-01',60,3,2700,1,NULL,40),(61,'2020-01-01',61,7,7100,0,NULL,30),(62,'2020-02-01',62,3,3000,1,NULL,30),(63,'2020-03-01',63,1,8300,1,NULL,30),(64,'2020-04-01',64,8,5900,1,NULL,40),(65,'2020-08-01',65,2,8400,0,NULL,60),(66,'2020-07-01',66,9,6300,0,NULL,30),(67,'2020-06-01',67,7,3800,1,NULL,30),(69,'2019-09-01',69,6,3000,1,NULL,30),(70,'2019-10-01',70,9,1600,0,NULL,60),(71,'2019-11-01',71,4,3100,1,NULL,30),(73,'2020-01-01',73,4,5300,0,NULL,30),(74,'2020-02-01',74,3,7000,1,NULL,30),(75,'2020-03-01',75,5,6600,0,NULL,60),(77,'2020-08-01',77,11,7700,0,NULL,30),(78,'2020-07-01',78,3,2000,1,NULL,30),(80,'2019-08-01',80,3,9000,0,NULL,40),(81,'2019-09-01',81,6,7100,1,NULL,30),(84,'2019-12-01',84,3,8100,1,NULL,40),(85,'2020-01-01',85,5,8300,1,NULL,60),(86,'2020-02-01',86,5,5000,0,NULL,30),(87,'2020-03-01',87,6,10000,0,NULL,30),(89,'2020-08-01',89,1,2100,0,NULL,30),(90,'2020-07-01',90,1,6400,1,NULL,60),(91,'2020-06-01',91,8,1800,1,NULL,30),(92,'2019-08-01',92,7,7800,1,NULL,40),(93,'2019-09-01',93,2,1300,0,NULL,30),(94,'2019-10-01',94,9,3800,1,NULL,30),(95,'2019-11-01',95,5,1100,0,NULL,60),(96,'2019-12-01',96,9,5800,0,NULL,40),(97,'2020-01-01',97,9,7000,0,NULL,30),(101,'2020-08-01',101,9,4400,1,NULL,30),(103,'2020-06-01',103,1,2400,0,NULL,30),(105,'2019-09-01',105,7,3200,1,NULL,60),(106,'2019-10-01',106,6,1400,1,NULL,30),(107,'2019-11-01',107,8,7700,1,NULL,30),(123,'2020-03-01',123,5,9500,1,NULL,30),(124,'2020-04-01',124,6,3300,1,NULL,40),(125,'2020-08-01',125,6,5000,1,NULL,60),(126,'2020-07-01',126,3,8100,1,NULL,30),(127,'2020-06-01',127,7,6100,1,NULL,30),(128,'2019-08-01',128,1,9100,1,NULL,40),(129,'2019-09-01',129,5,1900,1,NULL,30),(131,'2019-11-01',131,5,9300,1,NULL,30),(132,'2019-12-01',132,9,1400,0,NULL,40),(133,'2020-01-01',133,9,6000,0,NULL,30),(134,'2020-02-01',134,9,3000,1,NULL,30),(135,'2020-03-01',135,7,8900,0,NULL,60),(136,'2020-04-01',136,9,7200,1,NULL,40),(137,'2020-08-01',137,6,3700,0,NULL,30),(138,'2020-07-01',138,9,9700,0,NULL,30),(139,'2020-06-01',139,10,2000,1,NULL,30),(141,'2019-09-01',141,2,9900,1,NULL,30),(142,'2019-10-01',142,1,2000,1,NULL,30),(143,'2019-11-01',143,10,9900,1,NULL,30),(144,'2019-12-01',144,8,8300,0,NULL,40),(145,'2020-01-01',145,7,4700,0,NULL,60),(146,'2020-02-01',146,5,4800,0,NULL,30),(147,'2020-03-01',147,3,7300,1,NULL,30),(148,'2020-04-01',148,2,6000,0,NULL,40),(149,'2020-08-01',149,10,5600,0,NULL,30),(151,'2020-06-01',151,5,3900,0,NULL,30),(152,'2019-08-01',152,4,2200,1,NULL,40),(153,'2019-09-01',153,5,2300,1,NULL,30),(154,'2019-10-01',154,5,2600,0,NULL,30),(155,'2019-11-01',155,10,9600,0,NULL,60),(156,'2019-12-01',156,2,7600,1,NULL,40),(157,'2020-01-01',157,9,8100,0,NULL,30),(158,'2020-02-01',158,6,3400,1,NULL,30),(159,'2020-03-01',159,9,1500,0,NULL,30),(161,'2020-08-01',161,6,3100,0,NULL,30),(162,'2020-07-01',162,3,2900,0,NULL,30),(163,'2020-06-01',163,9,7300,0,NULL,30),(164,'2019-08-01',164,7,9100,0,NULL,40),(165,'2019-09-01',165,1,6300,1,NULL,60),(166,'2019-10-01',166,8,9000,1,NULL,30),(167,'2019-11-01',167,8,1400,0,NULL,30),(168,'2019-12-01',168,5,3900,0,NULL,40),(169,'2020-01-01',169,10,1900,1,NULL,30),(171,'2020-03-01',171,9,1300,0,NULL,30),(172,'2020-04-01',172,4,9300,1,NULL,40),(173,'2020-08-01',173,1,6100,1,NULL,30),(174,'2020-07-01',174,1,1500,1,NULL,30),(175,'2020-06-01',175,1,5600,1,NULL,60),(176,'2019-08-01',176,1,9500,0,NULL,40),(177,'2019-09-01',177,11,7700,1,NULL,30),(179,'2019-11-01',179,3,6800,1,NULL,30),(180,'2019-12-01',180,6,4300,0,NULL,40),(181,'2020-01-01',181,4,2500,1,NULL,30),(182,'2020-02-01',182,2,4800,1,NULL,30),(183,'2020-03-01',183,7,7100,0,NULL,30),(184,'2020-04-01',184,9,4400,0,NULL,40),(185,'2020-08-01',185,6,3800,0,NULL,60),(186,'2020-07-01',186,3,2000,1,NULL,30),(188,'2019-08-01',188,8,4800,1,NULL,40),(189,'2019-09-01',189,2,3700,1,NULL,30),(190,'2019-10-01',190,10,7600,1,NULL,60),(191,'2019-11-01',191,10,4600,1,NULL,30),(192,'2019-12-01',192,3,3600,0,NULL,40),(193,'2020-01-01',193,9,1100,0,NULL,30),(194,'2020-02-01',194,9,3900,0,NULL,30),(196,'2020-04-01',196,4,7401,0,NULL,40),(197,'2020-08-01',197,7,4300,0,NULL,30),(198,'2020-07-01',198,7,5000,1,NULL,30),(201,'2019-09-01',201,3,9900,0,NULL,30),(204,'2019-12-01',204,4,2000,0,NULL,40),(205,'2020-01-01',205,3,7800,0,NULL,60),(206,'2020-02-01',206,3,3300,0,NULL,30),(208,'2020-04-01',208,6,4900,1,NULL,40),(210,'2020-07-01',210,3,7000,0,NULL,60),(211,'2020-06-01',211,3,1000,1,NULL,30),(213,'2019-09-01',213,5,5600,0,NULL,30),(214,'2019-10-01',214,5,9300,0,NULL,30),(215,'2019-11-01',215,2,7400,1,NULL,60),(216,'2019-12-01',216,1,2300,1,NULL,40),(217,'2020-01-01',217,1,4500,1,NULL,30),(218,'2020-02-01',218,2,5600,1,NULL,30),(250,'2019-10-01',250,7,9000,0,NULL,60),(251,'2019-11-01',251,1,7000,0,NULL,30),(252,'2019-12-01',252,7,2700,0,NULL,40),(253,'2020-01-01',253,10,7300,0,NULL,30),(254,'2020-02-01',254,9,7000,1,NULL,30),(255,'2020-03-01',255,4,1100,0,NULL,60),(256,'2020-04-01',256,8,5600,0,NULL,40),(257,'2020-08-01',257,2,9600,0,NULL,30),(258,'2020-07-01',258,1,4500,1,NULL,30),(259,'2020-06-01',259,3,1300,1,NULL,30),(260,'2019-08-01',260,5,6400,1,NULL,40),(261,'2019-09-01',261,6,7600,1,NULL,30),(262,'2019-10-01',262,11,3300,0,NULL,30),(263,'2019-11-01',263,5,2900,0,NULL,30),(264,'2019-12-01',264,8,4100,0,NULL,40),(265,'2020-01-01',265,3,8000,0,NULL,60),(266,'2020-02-01',266,2,3200,0,NULL,30),(267,'2020-03-01',267,3,5400,0,NULL,30),(268,'2020-04-01',268,7,6300,0,NULL,40),(269,'2020-08-01',269,6,3200,0,NULL,30),(270,'2020-07-01',270,7,6400,0,NULL,60),(271,'2020-06-01',271,5,8100,0,NULL,30),(272,'2019-08-01',272,5,1700,0,NULL,40),(273,'2019-09-01',273,9,1800,0,NULL,30),(274,'2019-10-01',274,3,9600,1,NULL,30),(275,'2019-11-01',275,4,6000,1,NULL,60),(276,'2019-12-01',276,9,6900,0,NULL,40),(277,'2020-01-01',277,5,7600,1,NULL,30),(278,'2020-02-01',278,7,8800,0,NULL,30),(279,'2020-03-01',279,5,8500,1,NULL,30),(280,'2020-04-01',280,1,3200,0,NULL,40),(281,'2020-08-01',281,6,6400,0,NULL,30),(282,'2020-07-01',282,5,3300,0,NULL,30),(283,'2020-06-01',283,1,7000,1,NULL,30),(284,'2019-08-01',284,8,6900,0,NULL,40),(285,'2019-09-01',285,4,3500,1,NULL,60),(286,'2019-10-01',286,4,3400,0,NULL,30),(287,'2019-11-01',287,7,1000,1,NULL,30),(288,'2019-12-01',288,2,8600,0,NULL,40),(289,'2020-01-01',289,9,2500,0,NULL,30),(290,'2020-02-01',290,7,8800,0,NULL,60),(292,'2020-04-01',292,3,7100,0,NULL,40),(293,'2020-08-01',293,2,8100,1,NULL,30),(294,'2020-07-01',294,2,9500,0,NULL,30),(297,'2019-09-01',297,2,1100,1,NULL,30),(298,'2019-10-01',298,8,8000,1,NULL,30),(299,'2019-11-01',299,9,7200,1,NULL,30),(300,'2019-12-01',300,7,9000,1,NULL,40),(302,'2020-02-01',302,1,8000,1,NULL,30),(304,'2020-04-01',304,6,3900,0,NULL,40),(305,'2020-08-01',305,7,2300,1,NULL,60),(306,'2020-07-01',306,9,8700,0,NULL,30),(307,'2020-06-01',307,6,5800,1,NULL,30),(308,'2019-08-01',308,4,2000,1,NULL,40),(309,'2019-09-01',309,4,3400,0,NULL,30),(310,'2019-10-01',310,7,5800,1,NULL,60),(311,'2019-11-01',311,3,6000,0,NULL,30),(312,'2019-12-01',312,5,2000,1,NULL,40),(313,'2020-01-01',313,7,2000,1,NULL,30),(316,'2020-04-01',316,1,8400,1,NULL,40),(317,'2020-08-01',317,6,4200,1,NULL,30),(318,'2020-07-01',318,1,7000,1,NULL,30),(319,'2020-06-01',319,1,9900,0,NULL,30),(320,'2019-08-01',320,4,8100,0,NULL,40),(321,'2019-09-01',321,9,4900,1,NULL,30),(322,'2019-10-01',322,4,3400,1,NULL,30),(323,'2019-11-01',323,7,4000,0,NULL,30),(324,'2019-12-01',324,3,6500,1,NULL,40),(325,'2020-01-01',325,4,8000,0,NULL,60),(326,'2020-02-01',326,3,7500,0,NULL,30),(328,'2020-04-01',328,9,6800,0,NULL,40),(329,'2020-08-01',329,2,6000,1,NULL,30),(330,'2020-07-01',330,4,6000,1,NULL,60),(331,'2020-06-01',331,2,2700,0,NULL,30),(332,'2019-08-01',332,2,0,0,NULL,40),(333,'2019-09-01',333,1,8200,1,NULL,30),(335,'2019-11-01',335,2,5600,0,NULL,60),(336,'2019-12-01',336,10,9300,1,NULL,40),(337,'2020-01-01',337,5,3500,0,NULL,30),(338,'2020-02-01',338,1,3300,0,NULL,30),(340,'2020-04-01',340,9,5700,1,NULL,40),(342,'2020-07-01',342,7,8000,1,NULL,30),(343,'2020-06-01',343,9,7200,1,NULL,30),(344,'2019-08-01',344,9,7400,0,NULL,40),(345,'2019-09-01',345,3,7800,0,NULL,60),(346,'2019-10-01',346,6,4200,1,NULL,30),(347,'2019-11-01',347,3,8600,0,NULL,30),(349,'2020-01-01',349,5,2000,0,NULL,30),(350,'2020-02-01',350,7,8100,0,NULL,60),(351,'2020-03-01',351,4,5200,0,NULL,30),(353,'2020-08-01',353,9,6200,1,NULL,30),(354,'2020-07-01',354,5,7000,0,NULL,30),(355,'2020-06-01',355,8,9300,0,NULL,60),(356,'2019-08-01',356,3,4400,0,NULL,40),(357,'2019-09-01',357,1,2000,1,NULL,30),(358,'2019-10-01',358,6,2600,1,NULL,30),(360,'2019-12-01',360,9,7800,0,NULL,40),(362,'2020-02-01',362,9,4900,1,NULL,30),(363,'2020-03-01',363,7,1600,1,NULL,30),(364,'2020-04-01',364,7,7200,1,NULL,40),(365,'2020-08-01',365,10,1900,0,NULL,60),(366,'2020-07-01',366,9,6000,1,NULL,30),(367,'2020-06-01',367,11,6300,1,NULL,30),(368,'2019-08-01',368,5,9100,0,NULL,40),(370,'2019-10-01',370,7,6900,1,NULL,60),(371,'2019-11-01',371,5,8700,1,NULL,30),(372,'2019-12-01',372,5,5400,1,NULL,40),(373,'2020-01-01',373,1,4800,1,NULL,30),(374,'2020-02-01',374,8,7700,0,NULL,30),(375,'2020-03-01',375,6,9200,0,NULL,60),(376,'2020-04-01',376,10,8000,1,NULL,40),(378,'2020-07-01',378,8,2600,0,NULL,30),(379,'2020-06-01',379,11,4100,0,NULL,30),(381,'2019-09-01',381,1,2100,1,NULL,30),(382,'2019-10-01',382,2,2000,0,NULL,30),(383,'2019-11-01',383,7,4000,0,NULL,30),(384,'2019-12-01',384,9,5200,1,NULL,40),(385,'2020-01-01',385,2,8000,1,NULL,60),(386,'2020-02-01',386,5,3400,1,NULL,30),(387,'2020-03-01',387,9,2200,0,NULL,30),(389,'2020-08-01',389,3,3800,0,NULL,30),(390,'2020-07-01',390,1,3000,1,NULL,60),(391,'2020-06-01',391,4,4900,1,NULL,30),(392,'2019-08-01',392,6,9100,0,NULL,40),(393,'2019-09-01',393,4,6900,1,NULL,30),(394,'2019-10-01',394,2,8800,0,NULL,30),(395,'2019-11-01',395,10,4000,1,NULL,60),(396,'2019-12-01',396,2,3000,1,NULL,40),(397,'2020-01-01',397,3,6700,0,NULL,30),(398,'2020-02-01',398,8,4500,0,NULL,30),(399,'2020-03-01',399,2,5800,0,NULL,30),(400,'2020-04-01',400,7,5200,0,NULL,40),(401,'2020-08-01',401,6,5900,0,NULL,30),(402,'2020-07-01',402,9,9800,0,NULL,30),(403,'2020-06-01',403,4,6000,0,NULL,30),(404,'2019-08-01',404,7,6300,1,NULL,40),(405,'2019-09-01',405,9,9400,1,NULL,60),(407,'2019-11-01',407,3,6700,1,NULL,30),(408,'2019-12-01',408,5,6000,0,NULL,40),(409,'2020-01-01',409,8,8200,0,NULL,30),(410,'2020-02-01',410,8,4300,0,NULL,60),(411,'2020-03-01',411,5,7900,1,NULL,30),(412,'2020-04-01',412,2,3300,1,NULL,40),(413,'2020-08-01',413,4,3800,0,NULL,30),(414,'2020-07-01',414,4,6100,0,NULL,30),(415,'2020-06-01',415,5,8000,0,NULL,60),(416,'2019-08-01',416,1,2000,0,NULL,40),(417,'2019-09-01',417,9,4900,0,NULL,30),(418,'2019-10-01',418,3,8400,1,NULL,30),(419,'2019-11-01',419,2,8500,1,NULL,30),(420,'2019-12-01',420,9,4200,1,NULL,40),(421,'2020-01-01',421,3,3900,1,NULL,30),(422,'2020-02-01',422,1,6100,0,NULL,30),(423,'2020-03-01',423,8,6000,1,NULL,30),(424,'2020-04-01',424,5,3400,0,NULL,40),(425,'2020-08-01',425,5,10000,1,NULL,60),(426,'2020-07-01',426,1,1800,1,NULL,30),(427,'2020-06-01',427,7,2700,1,NULL,30),(428,'2019-08-01',428,5,1000,0,NULL,40),(430,'2019-10-01',430,2,7500,1,NULL,60),(431,'2019-11-01',431,9,4000,1,NULL,30),(432,'2019-12-01',432,1,4400,0,NULL,40),(433,'2020-01-01',433,5,6400,1,NULL,30),(435,'2020-03-01',435,6,8200,1,NULL,60),(437,'2020-08-01',437,9,7400,1,NULL,30),(438,'2020-07-01',438,8,4100,0,NULL,30),(439,'2020-06-01',439,8,4800,1,NULL,30),(440,'2019-08-01',440,8,1000,0,NULL,40),(441,'2019-09-01',441,8,3300,0,NULL,30),(442,'2019-10-01',442,2,2000,0,NULL,30),(444,'2019-12-01',444,5,8000,0,NULL,40),(445,'2020-01-01',445,1,15000,0,NULL,60),(446,'2020-02-01',446,3,5000,1,NULL,30),(447,'2020-03-01',447,4,2200,0,NULL,30),(448,'2020-04-01',448,8,3500,0,NULL,40),(449,'2020-08-01',449,11,5000,1,NULL,30),(451,'2020-06-01',451,1,8000,1,NULL,30),(452,'2019-08-01',452,3,5000,1,NULL,40),(453,'2019-09-01',453,5,6000,0,NULL,30),(454,'2019-10-01',454,10,6000,0,NULL,30),(455,'2019-11-01',455,8,6000,0,NULL,60),(473,'2020-08-01',NULL,2,2600,0,'Testing',NULL),(475,'2020-03-01',NULL,8,8300,1,'Coverted',60),(476,'2020-03-01',NULL,3,7300,1,'Converted',60),(477,'2020-03-01',NULL,2,7600,1,'Converted',60),(482,'2020-05-01',NULL,NULL,861,1,'good closed',60),(483,'2020-05-01',NULL,NULL,991,1,'done this',60),(484,'2020-05-01',NULL,NULL,171,1,'done',30),(485,'2020-05-01',533,NULL,230,1,'all done',50),(486,'2020-05-01',203,1,400,1,'deal closed!',60),(487,'2020-05-01',209,4,1800,1,'Done deal, closed!',90),(488,'2020-05-01',528,NULL,103,1,'finally closed!',60),(489,'2020-05-01',54,NULL,785,1,'Awesome! closed',60),(490,'2020-05-01',543,NULL,281,1,'After a long time.',50),(491,'2020-05-01',53,NULL,402,1,'done',60),(492,'2020-05-01',109,1,4000,1,'converted',60),(493,'2020-05-01',199,1,2600,1,'done deal',90),(494,'2020-05-01',529,NULL,958,1,'after long time deal!',30),(495,'2023-11-03',224,NULL,426,0,'Deal closed',NULL),(496,'2023-11-04',545,NULL,513,0,'deal closed',NULL),(497,'2023-11-04',514,NULL,195,0,'deal closed',NULL),(498,NULL,232,NULL,NULL,0,NULL,NULL),(499,NULL,295,4,NULL,0,NULL,NULL),(500,NULL,546,NULL,NULL,0,NULL,NULL),(501,NULL,296,3,NULL,0,NULL,NULL),(502,NULL,505,NULL,NULL,0,NULL,NULL),(503,NULL,118,NULL,NULL,0,NULL,NULL),(504,'2023-11-08',548,10,920,0,'Deal Closed',NULL),(505,'2023-11-08',549,11,6500,0,'Deal Closed',NULL),(506,'2023-11-08',550,6,1500,1,'Deal Closed',60),(507,'2023-11-08',537,NULL,657,0,'Deal converted',NULL);
/*!40000 ALTER TABLE `SALES` ENABLE KEYS */;
UNLOCK TABLES;

--
-- Table structure for table `STATES`
--

DROP TABLE IF EXISTS `STATES`;
/*!40101 SET @saved_cs_client     = @@character_set_client */;
/*!40101 SET character_set_client = utf8 */;
CREATE TABLE `STATES` (
  `ID` int(11) NOT NULL AUTO_INCREMENT,
  `NAME` varchar(40) COLLATE utf8_unicode_ci NOT NULL,
  `ABBREV` varchar(2) COLLATE utf8_unicode_ci NOT NULL,
  PRIMARY KEY (`ID`)
) ENGINE=InnoDB AUTO_INCREMENT=66 DEFAULT CHARSET=utf8 COLLATE=utf8_unicode_ci;
/*!40101 SET character_set_client = @saved_cs_client */;

--
-- Dumping data for table `STATES`
--

LOCK TABLES `STATES` WRITE;
/*!40000 ALTER TABLE `STATES` DISABLE KEYS */;
INSERT INTO `STATES` VALUES (1,'Alaska','AK'),(2,'Alabama','AL'),(3,'American Samoa','AS'),(4,'Arizona','AZ'),(5,'Arkansas','AR'),(6,'California','CA'),(7,'Colorado','CO'),(8,'Connecticut','CT'),(9,'Delaware','DE'),(10,'District of Columbia','DC'),(11,'Federated States of Micronesia','FM'),(12,'Florida','FL'),(13,'Georgia','GA'),(14,'Guam','GU'),(15,'Hawaii','HI'),(16,'Idaho','ID'),(17,'Illinois','IL'),(18,'Indiana','IN'),(19,'Iowa','IA'),(20,'Kansas','KS'),(21,'Kentucky','KY'),(22,'Louisiana','LA'),(23,'Maine','ME'),(24,'Marshall Islands','MH'),(25,'Maryland','MD'),(26,'Massachusetts','MA'),(27,'Michigan','MI'),(28,'Minnesota','MN'),(29,'Mississippi','MS'),(30,'Missouri','MO'),(31,'Montana','MT'),(32,'Nebraska','NE'),(33,'Nevada','NV'),(34,'New Hampshire','NH'),(35,'New Jersey','NJ'),(36,'New Mexico','NM'),(37,'New York','NY'),(38,'North Carolina','NC'),(39,'North Dakota','ND'),(40,'Northern Mariana Islands','MP'),(41,'Ohio','OH'),(42,'Oklahoma','OK'),(43,'Oregon','OR'),(44,'Palau','PW'),(45,'Pennsylvania','PA'),(46,'Puerto Rico','PR'),(47,'Rhode Island','RI'),(48,'South Carolina','SC'),(49,'South Dakota','SD'),(50,'Tennessee','TN'),(51,'Texas','TX'),(52,'Utah','UT'),(53,'Vermont','VT'),(54,'Virgin Islands','VI'),(55,'Virginia','VA'),(56,'Washington','WA'),(57,'West Virginia','WV'),(58,'Wisconsin','WI'),(59,'Wyoming','WY'),(60,'Armed Forces Africa','AE'),(61,'Armed Forces Americas (except Canada);','AA'),(62,'Armed Forces Canada','AE'),(63,'Armed Forces Europe','AE'),(64,'Armed Forces Middle East','AE'),(65,'Armed Forces Pacific','AP');
/*!40000 ALTER TABLE `STATES` ENABLE KEYS */;
UNLOCK TABLES;

--
-- Table structure for table `TASKS`
--

DROP TABLE IF EXISTS `TASKS`;
/*!40101 SET @saved_cs_client     = @@character_set_client */;
/*!40101 SET character_set_client = utf8 */;
CREATE TABLE `TASKS` (
  `ID` int(11) NOT NULL AUTO_INCREMENT,
  `DUEDATE` date DEFAULT NULL,
  `DONE` tinyint(1) DEFAULT '0',
  `REP_ID` int(11) DEFAULT NULL,
  `TASK_PRIORITY_REF` int(11) DEFAULT NULL,
  `DESCRIPTION` varchar(655) COLLATE utf8_unicode_ci DEFAULT NULL,
  PRIMARY KEY (`ID`),
  KEY `FK_BYCIJAABMA9A2AEHPR4RV9PMY` (`REP_ID`),
  KEY `FK_TASKS_TO_TASK_PRIORITF9xh6` (`TASK_PRIORITY_REF`),
  CONSTRAINT `FK_BYCIJAABMA9A2AEHPR4RV9PMY` FOREIGN KEY (`REP_ID`) REFERENCES `REPS` (`ID`),
  CONSTRAINT `FK_TASKS_TO_TASK_PRIORITF9xh6` FOREIGN KEY (`TASK_PRIORITY_REF`) REFERENCES `TASK_PRIORITY` (`ID`)
) ENGINE=InnoDB AUTO_INCREMENT=27 DEFAULT CHARSET=utf8 COLLATE=utf8_unicode_ci;
/*!40101 SET character_set_client = @saved_cs_client */;

--
-- Dumping data for table `TASKS`
--

LOCK TABLES `TASKS` WRITE;
/*!40000 ALTER TABLE `TASKS` DISABLE KEYS */;
INSERT INTO `TASKS` VALUES (1,'2020-04-08',0,1,2,'Create new pricing strategy for McKinsey'),(2,'2020-04-10',0,NULL,3,'Review new pricing strategy for McKinsey'),(3,'2020-04-11',0,1,2,'Sell products and meeting customer needs.'),(4,'2020-04-09',0,1,1,'Call customers to remind about renewal'),(5,'2020-04-13',0,1,3,'Organizing daily work schedule'),(6,'2020-04-14',0,1,1,' Report existing or potential sales outlets and other trade factors'),(7,'2020-04-15',0,1,2,'Adjusts content of sales presentations by studying the type of sales outlet or trade factor'),(8,'2020-04-16',0,1,1,'Submits orders by referring to price lists and product literature'),(9,'2020-04-17',0,1,2,'Keeps management informed by submitting activity'),(10,'2020-04-18',0,1,3,'Submitting the audit reports'),(11,'2020-04-19',0,1,2,'Meeting Clients'),(12,'2020-04-20',0,1,1,'Sell products and meeting customer needs.'),(13,'2020-04-08',0,1,3,'Helping determine pricing schedules for quotes, promotions, and negotiation'),(14,'2020-04-08',0,1,1,'Preparing monthly and weekly reports'),(15,'2020-04-10',0,1,2,'Visiting clients and potential clients to evaluate needs or promote products and services'),(16,'2020-04-11',0,1,1,'Generating the reports of pending sales'),(17,'2020-04-11',0,1,3,'Calculating the deposits and monthly expenses'),(18,'2020-04-09',0,1,2,'Meeting the leads and explaining the statistics.'),(19,'2020-04-09',0,1,3,'Promoting company programs'),(20,'2020-04-13',0,1,2,'Promoting company programs'),(21,'2020-04-13',0,1,1,'Meeting the customers and follow up on the sales'),(22,'2023-11-08',0,1,1,'Meeting the customers and follow up on sales'),(23,'2023-11-09',0,1,1,'Giving sales presentations to a range of prospective clients'),(24,'2020-04-14',0,1,3,'Coordinating sales efforts with marketing programs'),(25,'2023-11-10',0,1,3,'Visiting clients and potential clients to evaluate needs or promote products and services'),(26,'2023-11-08',0,1,1,'Updating client records and information on attached files');
/*!40000 ALTER TABLE `TASKS` ENABLE KEYS */;
UNLOCK TABLES;

--
-- Table structure for table `TASK_PRIORITY`
--

DROP TABLE IF EXISTS `TASK_PRIORITY`;
/*!40101 SET @saved_cs_client     = @@character_set_client */;
/*!40101 SET character_set_client = utf8 */;
CREATE TABLE `TASK_PRIORITY` (
  `ID` int(11) NOT NULL AUTO_INCREMENT,
  `TASK_PRIORITY` varchar(255) COLLATE utf8_unicode_ci DEFAULT NULL,
  PRIMARY KEY (`ID`)
) ENGINE=InnoDB AUTO_INCREMENT=4 DEFAULT CHARSET=utf8 COLLATE=utf8_unicode_ci;
/*!40101 SET character_set_client = @saved_cs_client */;

--
-- Dumping data for table `TASK_PRIORITY`
--

LOCK TABLES `TASK_PRIORITY` WRITE;
/*!40000 ALTER TABLE `TASK_PRIORITY` DISABLE KEYS */;
INSERT INTO `TASK_PRIORITY` VALUES (1,'Low priority'),(2,'Medium priority'),(3,'High priority');
/*!40000 ALTER TABLE `TASK_PRIORITY` ENABLE KEYS */;
UNLOCK TABLES;
/*!40103 SET TIME_ZONE=@OLD_TIME_ZONE */;

/*!40101 SET SQL_MODE=@OLD_SQL_MODE */;
/*!40014 SET FOREIGN_KEY_CHECKS=@OLD_FOREIGN_KEY_CHECKS */;
/*!40014 SET UNIQUE_CHECKS=@OLD_UNIQUE_CHECKS */;
/*!40101 SET CHARACTER_SET_CLIENT=@OLD_CHARACTER_SET_CLIENT */;
/*!40101 SET CHARACTER_SET_RESULTS=@OLD_CHARACTER_SET_RESULTS */;
/*!40101 SET COLLATION_CONNECTION=@OLD_COLLATION_CONNECTION */;
/*!40111 SET SQL_NOTES=@OLD_SQL_NOTES */;

-- Dump completed on 2024-01-04 10:22:17
